cip_code,total_graduates,knowledge_rate,career_outcomes_perc,total_perc_employed_overall,total_perc_employed_full_time,total_perc_employed_part_time,perc_standard_employment_overall,perc_standard_full_time,perc_standard_part_time,perc_entrepreneur_overall,perc_entrepreneur_full_time,perc_entrepreneur_part_time,perc_temp_contract_overall,perc_temp_contract_full_time,perc_temp_contract_part_time,perc_freelance_overall,perc_freelance_full_time,perc_freelance_part_time,perc_fellowship_intern_overall,perc_fellowship_intern_full_time,perc_fellowship_intern_part_time,perc_service,perc_military,perc_continuing_ed,perc_seeking_employment,perc_seeking_continuing_ed,perc_not_seeking,mean_starting_salary,year,perc_still_seeking_overall
01.01,1618,74.8,86.9,75.9,72.9,3.0,68.8,66.8,2.1,3.6,3.5,0.1,1.6,1.0,0.6,0.7,0.6,0.1,1.2,1.1,0.2,0.1,0.2,9.9,11.1,1.9,0.9,45862,2016,
01.09,1758,67.6,85.2,54.9,5.8,4.0,47.8,44.8,3.0,2.5,2.4,0.1,1.8,1.5,0.3,0.3,0.3,0.0,2.5,1.9,0.7,0.0,0.1,29.2,1.0,4.6,1.2,3674,2016,
03.01,3646,62.7,73.4,56.2,46.7,9.5,47.1,39.7,7.3,0.7,0.6,0.1,4.3,2.9,1.4,0.2,0.0,0.1,4.0,3.5,0.6,2.6,0.9,12.1,19.3,6.8,2.1,3699,2016,
04.02,1929,64.7,82.8,57.1,54.5,2.6,5.2,48.4,1.8,1.0,1.0,0.0,0.7,0.6,0.1,0.2,0.1,0.1,5.0,4.4,0.6,0.5,0.3,24.0,15.8,1.3,1.0,42818,2016,
05.01,1649,68.8,83.0,58.7,52.5,6.3,49.6,45.1,4.5,0.3,0.2,0.1,3.7,2.8,0.9,0.8,0.4,0.4,4.3,4.0,0.4,2.9,1.9,17.3,1.6,6.0,2.6,464,2016,
09.04,4571,65.7,78.8,69.6,59.9,9.7,6.9,54.2,6.7,0.9,0.7,0.2,2.2,1.2,1.0,1.8,1.0,0.8,3.8,2.8,1.0,0.4,0.0,7.8,19.0,1.9,1.2,35939,2016,
09.07,1199,67.2,8.9,74.4,64.0,1.4,64.4,56.0,8.4,2.1,1.9,0.2,3.0,2.0,1.0,2.7,2.1,0.6,2.2,2.1,0.1,0.4,0.4,3.6,18.2,0.4,2.6,4484,2016,
09.09,5421,71.4,8.9,73.3,65.6,7.7,64.7,59.5,5.2,1.1,0.8,0.3,2.8,1.9,1.0,1.2,0.7,0.5,3.5,2.7,0.7,0.7,0.3,5.9,16.8,2.2,0.7,38162,2016,
11.07,9142,69.8,86.8,76.8,74.0,2.8,72.4,7.5,2.0,1.7,1.3,0.4,1.3,1.2,0.2,0.2,0.1,0.1,1.1,1.0,0.2,0.1,0.4,8.2,11.5,1.5,1.5,78199,2016,
11.10,1764,67.2,8.9,75.1,72.5,2.6,7.5,68.2,2.4,1.0,0.9,0.1,1.4,1.4,0.0,0.2,0.1,0.1,2.0,1.9,0.1,0.1,0.3,4.2,17.6,1.3,1.5,62157,2016,
13.13,3422,62.6,81.5,69.4,61.2,8.2,65.4,58.6,6.8,0.3,0.3,0.0,2.8,1.7,1.0,0.4,0.0,0.4,0.5,0.5,0.0,0.5,0.6,1.0,16.1,2.2,1.1,39193,2016,
14.02,1629,78.5,8.3,54.1,52.3,1.8,53.3,51.6,1.7,0.3,0.3,0.0,0.3,0.2,0.1,0.0,0.0,0.0,0.2,0.2,0.0,0.2,7.2,18.2,18.7,0.8,0.9,687,2016,
14.05,2155,79.4,86.8,48.2,46.2,2.0,44.4,43.1,1.3,0.9,0.6,0.2,1.3,1.0,0.3,0.1,0.0,0.1,1.6,1.5,0.2,0.4,0.6,36.6,1.3,2.7,1.2,58348,2016,
14.10,6113,74.1,86.6,64.6,62.7,1.8,61.2,6.0,1.2,1.0,0.8,0.2,1.0,0.8,0.2,0.2,0.1,0.0,1.3,1.1,0.2,0.2,0.6,2.2,11.4,1.9,1.1,795,2016,
14.19,1431,77.2,84.5,67.8,66.1,1.8,64.7,63.4,1.3,0.9,0.7,0.2,0.9,0.8,0.1,0.1,0.1,0.0,1.2,1.0,0.1,0.1,1.3,14.2,14.2,1.1,1.2,64241,2016,
14.25,782,86.6,65.2,46.2,46.1,0.1,45.9,45.8,0.1,0.1,0.1,0.0,0.1,0.1,0.0,0.0,0.0,0.0,0.0,0.0,0.0,0.0,0.3,18.0,29.0,5.5,1.0,78541,2016,
14.45,926,75.7,8.6,47.5,44.1,3.4,42.4,39.5,2.9,1.4,1.4,0.0,2.3,2.0,0.3,0.0,0.0,0.0,1.4,1.1,0.3,0.3,0.3,31.2,13.7,5.4,1.6,55166,2016,
15.15,598,78.4,89.3,81.4,79.1,2.3,76.5,74.4,2.1,1.7,1.7,0.0,2.1,1.9,0.2,0.0,0.0,0.0,1.1,1.1,0.0,0.0,0.4,5.3,8.5,1.9,2.3,6531,2016,
15.08,897,68.8,84.8,79.1,76.5,2.6,76.2,74.4,1.8,1.0,0.8,0.2,0.0,0.8,0.5,0.2,0.0,0.2,0.5,0.5,0.0,0.0,1.6,2.6,14.4,0.5,1.8,61141,2016,
16.09,2515,66.2,8.5,53.4,44.6,8.8,45.7,39.4,6.3,0.6,0.6,0.0,3.2,1.9,1.3,0.4,0.2,0.2,3.5,2.5,1.0,4.5,0.5,2.4,11.7,7.3,2.2,38995,2016,
16.01,1437,65.4,75.1,51.4,41.1,1.3,42.6,35.3,7.2,0.5,0.4,0.1,4.8,2.3,2.4,0.2,0.2,0.0,3.3,2.8,0.5,1.7,0.5,19.1,15.1,9.0,3.1,35737,2016,
23.01,775,63.4,8.1,58.4,48.5,9.9,5.3,42.5,7.8,1.1,0.9,0.2,2.9,2.0,0.9,0.9,0.4,0.5,3.1,2.6,0.5,1.8,0.2,18.1,14.6,5.0,1.9,3631,2016,
23.13,1675,75.8,61.0,47.7,38.9,8.7,41.7,35.1,6.5,0.6,0.5,0.2,1.7,1.1,0.6,1.5,0.6,0.9,2.1,1.6,0.6,1.4,0.1,1.3,3.0,8.0,2.4,3445,2016,
23.14,751,69.0,61.3,45.6,39.2,6.4,39.2,34.4,4.8,0.2,0.2,0.0,2.3,1.4,1.0,1.5,1.2,0.4,2.3,2.1,0.2,0.8,0.4,12.5,2.5,17.0,3.3,41559,2016,
26.01,16761,64.8,76.6,4.2,34.8,5.5,35.7,31.2,4.5,0.4,0.3,0.1,2.2,1.6,0.6,0.1,0.1,0.0,1.8,1.6,0.2,1.3,0.4,33.4,1.4,12.7,1.6,34171,2016,
26.02,3991,61.5,76.7,38.1,32.5,5.5,32.0,27.9,4.1,0.6,0.4,0.1,2.8,2.0,0.9,0.2,0.1,0.1,2.5,2.1,0.4,1.1,0.6,35.5,1.2,12.7,1.8,37889,2016,
26.05,1115,64.3,7.5,42.8,38.4,4.5,37.8,35.1,2.6,0.1,0.1,0.0,3.1,1.7,1.4,0.1,0.1,0.0,1.7,1.3,0.4,0.8,0.0,25.5,14.9,14.1,1.8,29762,2016,
26.09,1962,65.4,71.8,34.2,28.4,5.8,3.0,25.8,4.2,0.3,0.2,0.1,2.5,1.2,1.2,0.2,0.2,0.1,1.2,1.0,0.2,0.5,0.8,34.3,1.4,17.1,2.8,347,2016,
26.13,734,67.4,75.7,53.5,43.6,9.9,42.4,33.9,8.5,1.4,1.4,0.0,5.9,4.8,1.0,0.0,0.0,0.0,3.8,3.4,0.4,2.2,0.4,17.6,12.9,1.7,2.6,38896,2016,
27.01,5556,65.7,84.6,53.5,49.6,3.8,49.3,46.4,2.9,0.7,0.6,0.2,1.7,1.4,0.4,0.1,0.1,0.1,1.6,1.2,0.4,0.8,1.0,28.1,11.7,3.5,1.5,59759,2016,
27.03,1134,67.7,73.6,48.2,47.7,0.5,46.1,45.7,0.4,0.1,0.1,0.0,1.0,0.9,0.1,0.1,0.1,0.0,0.8,0.8,0.0,0.3,1.2,23.2,21.4,4.7,1.2,58237,2016,
27.05,643,74.2,81.6,55.1,5.9,4.2,48.4,45.5,2.9,1.0,0.4,0.6,2.3,1.9,0.4,0.0,0.0,0.0,3.4,3.1,0.2,0.6,1.0,24.3,13.8,4.4,0.6,6648,2016,
30.17,533,76.7,94.1,41.8,32.8,9.0,39.4,3.8,8.6,0.5,0.5,0.0,1.0,0.7,0.2,0.0,0.0,0.0,1.0,0.7,0.2,0.5,0.0,51.1,3.4,2.4,0.7,3769,2016,
30.20,2791,67.4,81.0,61.4,55.4,6.0,51.0,47.6,3.4,0.6,0.6,0.1,5.4,3.8,1.6,0.5,0.5,0.1,3.9,3.0,1.0,2.7,1.5,14.1,12.6,6.1,1.6,48,2016,
31.05,9957,61.9,77.6,47.8,4.7,7.2,44.0,37.8,6.1,0.7,0.6,0.1,1.6,0.8,0.8,0.2,0.2,0.0,1.5,1.3,0.2,0.6,0.6,27.3,11.6,1.5,1.7,33629,2016,
40.05,3932,71.2,81.6,4.2,36.1,4.1,36.0,32.7,3.2,0.4,0.4,0.0,2.0,1.5,0.5,0.2,0.1,0.0,1.7,1.4,0.3,0.8,0.7,38.7,11.0,7.2,1.4,43622,2016,
40.10,581,69.9,85.9,56.4,53.2,3.2,51.5,49.5,2.0,1.5,0.7,0.7,1.7,1.5,0.2,0.0,0.0,0.0,1.7,1.5,0.2,0.5,1.2,27.1,12.6,1.5,0.7,63943,2016,
42.01,2542,61.0,76.5,48.6,4.7,7.9,44.0,37.5,6.5,0.6,0.5,0.1,2.2,1.4,0.8,0.3,0.2,0.1,1.5,1.2,0.3,1.3,0.6,24.6,12.9,1.2,1.8,3631,2016,
44.05,1426,68.7,89.3,71.9,67.0,4.9,66.3,62.0,4.3,0.2,0.2,0.0,1.1,0.9,0.2,0.3,0.2,0.1,4.0,3.7,0.3,0.9,0.9,15.0,7.1,3.5,0.6,45299,2016,
45.04,2294,71.3,55.9,37.8,32.5,5.3,35.7,3.9,4.8,0.1,0.1,0.0,1.2,1.0,0.2,0.1,0.0,0.1,0.7,0.6,0.2,0.4,3.6,13.1,32.5,1.8,1.8,38878,2016,
45.06,11955,69.0,84.4,68.9,65.8,3.1,63.4,61.2,2.2,1.2,1.0,0.1,2.0,1.6,0.4,0.3,0.2,0.0,2.0,1.7,0.3,0.7,0.7,13.1,11.9,3.4,1.3,55812,2016,
45.10,1498,67.2,79.8,54.3,49.4,4.9,47.0,43.5,3.5,0.8,0.7,0.1,2.7,2.1,0.6,0.3,0.1,0.2,3.4,2.9,0.5,2.0,1.6,2.8,12.7,7.2,1.5,43187,2016,
50.10,3423,63.4,83.5,56.3,42.2,14.1,46.2,36.2,9.9,1.5,0.9,0.6,3.3,2.0,1.2,4.2,2.2,2.0,1.2,0.9,0.3,0.7,0.4,24.6,11.5,4.7,1.8,36724,2016,
51.09,1753,61.9,88.8,59.3,52.3,7.0,56.2,49.6,6.6,0.5,0.4,0.1,1.3,1.1,0.2,0.0,0.0,0.0,1.3,1.2,0.1,0.5,1.0,27.3,6.4,4.8,0.8,53343,2016,
51.22,5162,64.4,82.3,55.7,47.6,8.1,5.3,43.8,6.4,0.2,0.1,0.1,1.9,1.1,0.8,0.2,0.1,0.1,3.2,2.5,0.6,1.4,0.4,23.6,9.0,8.5,1.4,39153,2016,
51.23,959,81.6,85.1,5.7,44.2,6.5,48.0,41.9,6.1,1.1,0.9,0.3,0.5,0.4,0.1,0.0,0.0,0.0,1.0,1.0,0.0,0.9,0.5,32.2,7.8,7.0,0.9,45145,2016,
51.31,983,75.6,91.4,42.0,34.2,7.8,29.7,24.9,4.8,0.7,0.4,0.3,1.1,0.7,0.4,0.0,0.0,0.0,1.5,8.2,2.3,0.7,0.0,47.5,5.4,3.1,1.3,38967,2016,
52.02,18476,73.0,82.4,72.0,68.3,3.6,67.4,64.5,2.9,1.6,1.5,0.1,1.5,1.1,0.4,0.2,0.1,0.1,1.1,1.0,0.2,0.3,0.7,7.2,15.5,1.6,2.6,5962,2016,
52.03,1276,73.8,87.9,63.3,6.1,3.1,59.0,56.7,2.3,0.6,0.6,0.1,0.9,0.7,0.2,0.1,0.1,0.0,2.6,2.1,0.5,0.1,0.3,23.2,8.9,3.0,1.2,53539,2016,
52.08,12697,73.9,83.4,72.9,7.6,2.3,68.1,66.5,1.5,1.3,1.2,0.1,1.6,1.3,0.3,0.2,0.2,0.0,1.7,1.4,0.3,0.2,0.4,8.7,14.2,2.1,1.5,55974,2016,
52.10,2286,75.3,86.2,79.2,72.2,7.0,7.2,65.8,4.4,1.6,1.0,0.5,2.8,1.9,0.9,0.3,0.3,0.0,4.2,3.1,1.1,0.2,0.9,5.0,11.2,2.5,0.9,47571,2016,
52.11,1561,77.4,87.4,74.8,7.7,4.1,68.8,65.3,3.5,1.8,1.7,0.1,2.4,2.0,0.4,0.2,0.1,0.1,1.7,1.6,0.1,1.6,1.0,9.1,11.2,1.3,1.0,5468,2016,
52.14,1919,71.4,83.8,76.8,72.9,3.8,71.7,68.6,3.1,1.3,1.2,0.1,1.6,1.3,0.3,0.3,0.3,0.0,1.7,1.5,0.3,0.2,0.3,5.3,14.5,1.5,1.5,44858,2016,
52.12,2745,73.4,83.7,76.5,74.7,1.8,73.2,71.9,1.2,1.1,1.1,0.0,1.3,1.0,0.3,0.2,0.1,0.1,0.6,0.5,0.1,0.2,0.4,5.4,15.0,1.1,1.3,59622,2016,
52.13,778,68.2,83.7,73.4,69.8,3.6,69.1,66.2,3.0,1.5,1.3,0.1,1.3,1.0,0.3,0.2,0.2,0.0,1.3,1.2,0.1,0.3,0.9,8.1,14.4,1.7,1.2,5349,2016,
01.01,1448,73.3,88.6,75.0,72.7,2.4,66.3,64.8,1.5,3.8,3.7,0.1,1.1,0.8,0.3,1.1,0.8,0.3,2.7,2.5,0.2,0.4,0.3,12.3,11.0,0.3,0.7,46539,2017,
01.09,1697,69.4,82.2,5.2,43.7,6.5,42.0,37.0,5.0,2.0,2.0,0.0,3.2,2.0,1.2,0.8,0.7,0.1,2.2,2.0,0.3,0.4,0.6,29.6,13.6,3.9,1.7,3444,2017,
01.11,637,74.4,9.6,7.3,64.8,5.5,52.3,48.7,3.6,5.5,5.3,0.2,5.7,4.6,1.1,0.6,0.6,0.0,6.1,5.5,0.6,1.5,0.8,16.5,8.0,1.3,1.7,38371,2017,
05.01,1343,61.5,81.2,57.9,51.2,6.7,46.2,41.2,5.1,1.0,1.0,0.0,3.8,2.7,1.1,0.8,0.5,0.4,6.1,5.9,0.1,2.2,1.7,17.6,13.4,5.0,2.3,43955,2017,
09.01,14111,62.8,84.9,74.3,64.3,1.0,65.3,58.7,6.6,1.1,0.8,0.3,2.7,1.7,1.0,1.9,0.6,1.2,3.3,2.5,0.8,0.8,0.3,8.3,13.0,1.9,1.4,39623,2017,
09.07,1336,68.8,87.1,83.4,72.7,1.9,67.4,6.4,7.0,2.4,2.3,0.1,3.2,2.3,0.9,4.8,2.4,2.4,5.9,5.3,0.5,0.5,0.3,2.6,9.8,3.0,0.3,37949,2017,
09.09,5851,73.8,85.9,77.6,7.6,7.0,67.4,63.0,4.3,1.8,1.7,0.1,3.0,1.8,1.2,0.9,0.7,0.3,4.5,3.4,1.0,0.5,0.3,6.6,12.8,1.2,1.0,38824,2017,
11.01,3391,69.7,86.5,77.5,73.9,3.6,73.0,7.6,2.5,1.0,0.8,0.1,1.9,1.4,0.5,0.4,0.2,0.2,1.2,0.8,0.3,0.3,0.9,6.3,11.3,1.9,1.9,59674,2017,
11.07,8648,68.6,87.1,76.4,74.3,2.2,72.2,7.8,1.4,1.0,1.0,0.0,1.5,1.2,0.3,0.5,0.2,0.4,1.3,1.1,0.2,0.1,0.4,9.0,1.8,1.9,1.4,7883,2017,
11.10,729,71.5,85.2,73.1,69.3,3.8,66.6,63.3,3.3,1.7,1.7,0.0,2.9,2.3,0.6,0.2,0.2,0.0,1.7,1.7,0.0,0.0,0.8,8.8,11.7,2.7,2.9,663,2017,
13.10,1763,67.0,85.0,71.1,66.2,4.9,66.8,62.9,3.9,0.4,0.3,0.1,2.9,1.9,0.9,0.4,0.4,0.0,0.6,0.6,0.0,0.7,0.1,12.3,13.3,1.6,0.9,3792,2017,
13.12,7642,68.8,87.4,77.5,69.8,7.7,72.0,66.4,5.6,0.6,0.6,0.0,3.5,2.1,1.4,0.7,0.1,0.6,0.7,0.6,0.1,0.6,0.1,8.2,11.4,1.0,1.2,36576,2017,
13.13,3193,72.9,86.3,75.9,67.5,8.5,69.1,63.0,6.1,0.7,0.5,0.2,3.8,2.4,1.3,0.9,0.3,0.6,1.4,1.2,0.2,0.6,0.4,8.7,12.1,1.5,0.9,38275,2017,
14.05,1952,79.0,87.4,51.5,49.9,1.6,45.0,44.1,0.8,0.4,0.4,0.0,3.0,2.7,0.4,0.3,0.1,0.1,2.9,2.6,0.3,0.6,0.2,34.1,1.2,2.2,1.2,58436,2017,
14.08,3754,74.2,91.4,71.3,7.1,1.2,68.5,67.6,0.9,0.6,0.5,0.1,1.0,0.9,0.1,0.1,0.1,0.0,1.0,0.9,0.1,0.2,1.1,18.2,7.8,0.8,0.6,57495,2017,
14.10,5689,72.1,87.8,64.1,62.4,1.8,6.4,59.1,1.3,1.1,1.0,0.1,1.2,0.9,0.3,0.2,0.2,0.0,1.3,1.2,0.1,0.0,0.9,22.1,1.5,1.7,0.8,7293,2017,
14.19,9576,74.4,86.5,69.0,67.3,1.7,65.7,64.6,1.2,0.7,0.7,0.1,1.1,0.8,0.2,0.1,0.1,0.0,1.4,1.2,0.2,0.2,1.9,14.4,12.3,1.1,1.1,637,2017,
14.35,1958,72.3,9.4,75.7,74.1,1.6,72.5,71.6,0.9,0.6,0.6,0.1,1.1,0.9,0.2,0.3,0.3,0.0,1.1,0.8,0.4,0.1,1.8,11.8,8.2,1.3,1.1,6494,2017,
15.15,557,75.2,89.4,79.5,78.5,1.0,76.8,76.1,0.7,0.7,0.7,0.0,1.2,1.0,0.2,0.2,0.2,0.0,0.5,0.5,0.0,0.5,1.2,7.4,9.8,0.7,1.0,61441,2017,
15.08,897,68.8,84.8,79.1,76.5,2.6,76.2,74.4,1.8,1.0,0.8,0.2,1.3,0.8,0.5,0.2,0.0,0.2,0.5,0.5,0.0,0.0,1.6,2.6,14.4,0.5,1.8,61141,2017,
16.01,1446,62.2,72.7,45.7,38.3,7.5,37.6,32.1,5.5,1.1,0.9,0.2,3.3,2.0,1.3,0.9,0.6,0.3,2.8,2.7,0.1,2.3,0.7,21.4,13.3,13.0,3.6,37386,2017,
16.09,2515,66.2,8.5,53.4,44.6,8.8,45.7,39.4,6.3,0.6,0.6,0.0,3.2,1.9,1.3,0.4,0.2,0.2,3.5,2.5,1.0,4.5,0.5,2.4,11.7,7.3,2.2,38995,2017,
19.01,543,63.0,8.0,62.9,56.1,6.7,59.1,53.2,5.8,1.8,1.5,0.3,1.5,0.9,0.6,0.3,0.3,0.0,0.3,0.3,0.0,0.3,0.9,13.2,12.0,7.3,3.5,37918,2017,
23.01,775,63.4,8.1,58.4,48.5,9.9,5.3,42.5,7.8,1.1,0.9,0.2,2.9,2.0,0.9,0.9,0.4,0.5,3.1,2.6,0.5,1.8,0.2,18.1,14.6,5.0,1.9,3631,2017,
26.01,16761,64.8,76.6,4.2,34.8,5.5,35.7,31.2,4.5,0.4,0.3,0.1,2.2,1.6,0.6,0.1,0.1,0.0,1.8,1.6,0.2,1.3,0.4,33.4,1.4,12.7,1.6,34171,2017,
26.02,3991,61.5,76.7,38.1,32.5,5.5,32.0,27.9,4.1,0.6,0.4,0.1,2.8,2.0,0.9,0.2,0.1,0.1,2.5,2.1,0.4,1.1,0.6,35.5,1.2,12.7,1.8,37889,2017,
26.09,1962,65.4,71.8,34.2,28.4,5.8,3.0,25.8,4.2,0.3,0.2,0.1,2.5,1.2,1.2,0.2,0.2,0.1,1.2,1.0,0.2,0.5,0.8,34.3,1.4,17.1,2.8,347,2017,
26.15,2285,67.2,82.4,44.5,39.0,5.5,38.7,34.0,4.6,0.2,0.2,0.0,2.7,2.2,0.5,0.2,0.1,0.1,2.7,2.4,0.3,1.3,0.3,35.0,8.5,8.9,1.5,4372,2017,
27.01,3755,66.4,84.7,52.1,48.0,4.1,48.5,44.9,3.6,0.5,0.5,0.0,1.4,1.1,0.3,0.1,0.0,0.0,1.6,1.4,0.2,0.9,0.5,29.8,11.1,3.9,1.7,59846,2017,
27.05,829,62.6,89.9,56.3,53.2,3.1,5.7,49.3,1.3,1.0,0.8,0.2,1.7,1.0,0.8,0.4,0.2,0.2,2.5,1.9,0.6,0.4,0.2,32.6,7.5,2.5,0.6,62375,2017,
30.19,1913,61.3,8.1,44.9,37.5,7.4,39.5,33.0,6.5,0.8,0.8,0.0,2.6,1.8,0.9,0.1,0.1,0.0,2.0,1.9,0.1,0.9,0.7,31.2,11.8,7.5,3.0,4325,2017,
31.05,1876,62.3,81.2,51.6,42.5,9.1,46.2,38.4,7.8,0.6,0.5,0.1,2.0,1.4,0.6,0.4,0.3,0.1,2.3,1.9,0.4,0.6,0.7,26.9,8.8,9.7,1.8,3594,2017,
40.05,3475,68.4,84.1,39.3,34.5,4.8,33.4,3.1,3.4,0.3,0.3,0.0,3.2,2.7,0.6,0.7,0.0,0.7,1.6,1.5,0.1,0.9,1.1,41.8,9.4,6.3,1.1,42355,2017,
40.08,1962,62.1,83.6,39.7,35.7,4.0,34.5,31.6,3.0,0.7,0.6,0.1,2.2,1.7,0.5,0.2,0.1,0.2,2.1,1.7,0.3,0.4,1.5,4.2,11.1,5.0,2.1,52313,2017,
42.01,23929,61.9,8.0,48.8,4.4,8.4,43.9,37.2,6.7,0.6,0.5,0.1,1.9,1.4,0.6,0.9,0.2,0.7,1.4,1.1,0.2,1.5,0.6,27.2,11.0,8.5,2.3,35328,2017,
45.06,11667,62.3,85.8,69.1,66.1,3.0,63.2,61.3,2.0,1.4,1.3,0.1,1.7,1.4,0.3,0.4,0.2,0.2,2.3,1.9,0.4,0.6,0.6,14.2,11.2,2.8,1.5,54598,2017,
45.09,2564,78.2,8.4,57.1,53.5,3.5,47.0,44.9,2.0,1.0,0.9,0.1,3.4,2.4,0.9,0.5,0.4,0.1,5.2,4.9,0.3,3.5,2.3,15.6,14.9,4.3,2.3,43716,2017,
50.04,4287,63.7,83.6,77.7,68.6,9.1,63.6,57.9,5.6,1.9,1.7,0.2,4.1,3.3,0.8,5.1,2.9,2.1,3.1,2.8,0.3,0.4,0.3,4.4,15.4,0.8,1.0,43846,2017,
50.10,586,82.1,75.9,65.7,54.3,11.4,51.8,44.3,7.5,2.1,2.1,0.0,5.2,3.7,1.5,3.1,1.5,1.7,3.5,2.7,0.8,1.0,0.2,6.9,21.6,1.9,2.7,34873,2017,
51.07,1835,67.8,82.7,69.8,65.2,4.6,66.8,62.6,4.3,0.7,0.6,0.1,1.3,1.1,0.2,0.2,0.2,0.0,0.8,0.7,0.1,2.0,1.8,8.0,13.3,3.9,1.2,44725,2017,
51.22,4627,61.2,79.7,49.5,42.6,6.9,42.6,38.8,3.8,0.2,0.2,0.0,2.4,1.7,0.7,2.0,0.1,1.9,2.4,1.9,0.5,1.9,0.1,27.4,11.8,8.4,0.9,4112,2017,
51.31,661,68.1,88.7,47.8,4.4,7.3,36.9,31.3,5.6,0.7,0.4,0.2,3.8,2.9,0.9,0.9,0.7,0.2,5.6,5.1,0.4,0.4,0.2,38.4,7.8,3.3,2.0,36762,2017,
51.38,17384,62.2,91.7,86.9,8.5,6.4,83.2,78.1,5.0,0.3,0.2,0.1,1.1,0.8,0.3,1.0,0.1,0.9,1.4,1.3,0.1,0.4,0.6,3.0,7.5,0.8,0.9,5842,2017,
52.02,29772,65.2,85.8,75.1,7.2,5.0,69.1,65.7,3.4,1.8,1.6,0.2,1.8,1.4,0.5,0.9,0.3,0.6,1.6,1.2,0.3,0.4,0.8,7.8,12.1,1.8,1.9,51851,2017,
52.03,14391,76.0,88.8,65.3,59.9,5.4,59.3,56.3,3.0,0.7,0.6,0.0,1.2,1.0,0.2,0.7,0.2,0.6,3.4,1.8,1.6,0.1,0.3,21.9,8.7,2.3,1.3,52343,2017,
52.09,2586,72.5,85.4,78.8,73.6,5.2,7.9,67.2,3.7,1.2,1.0,0.2,3.1,2.3,0.8,0.5,0.3,0.3,3.1,2.9,0.2,0.4,0.4,4.7,13.5,0.9,1.3,38776,2017,
52.10,2367,68.4,85.8,76.7,72.2,4.4,69.1,66.4,2.7,1.2,1.0,0.2,3.0,2.1,0.9,0.3,0.2,0.1,3.1,2.5,0.6,0.2,1.0,7.1,11.8,2.3,0.9,4616,2017,
52.06,1765,72.6,67.8,51.7,49.6,2.1,47.4,46.4,1.0,0.9,0.9,0.0,1.1,0.9,0.2,0.9,0.5,0.4,1.4,0.9,0.5,0.3,0.7,12.4,25.4,5.5,4.0,539,2017,
52.07,1545,65.9,89.0,79.0,73.9,5.1,65.9,63.3,2.7,8.2,6.9,1.3,2.7,2.2,0.5,1.0,0.8,0.2,1.3,0.8,0.5,0.7,0.5,7.7,1.3,0.6,1.3,46629,2017,
52.12,3278,77.0,84.1,75.7,71.9,3.7,71.0,69.0,2.0,0.9,0.8,0.1,1.4,1.0,0.4,1.2,0.1,1.1,1.1,1.0,0.2,0.2,0.6,6.5,14.5,1.2,1.3,6575,2017,
52.13,1336,77.5,86.8,76.8,71.0,5.8,7.1,66.6,3.5,1.5,1.4,0.2,2.1,1.4,0.8,0.3,0.3,0.0,2.8,1.4,1.4,0.2,0.0,7.9,11.3,1.6,2.1,58377,2017,
52.14,12289,74.2,86.3,78.8,72.5,6.3,71.9,67.5,4.4,1.5,1.4,0.1,1.8,1.3,0.5,0.8,0.2,0.6,2.8,2.0,0.8,0.4,0.3,5.6,12.5,1.0,1.5,45842,2017,
52.20,891,71.2,94.9,92.9,86.9,6.0,84.9,81.2,3.6,1.3,0.9,0.3,4.3,3.0,1.3,0.3,0.3,0.0,2.2,1.4,0.8,0.0,1.1,0.8,4.7,0.3,0.2,58744,2017,
01.01,1882,78.9,89.9,78.0,75.6,2.4,71.1,69.1,2.0,4.0,3.8,0.2,0.9,0.7,0.2,0.5,0.5,0.0,1.5,1.5,0.1,0.3,0.3,1.4,9.6,0.5,0.9,43982,2018,
01.09,1984,77.1,84.2,52.4,47.5,4.8,45.5,41.8,3.7,1.9,1.7,0.2,2.0,1.6,0.3,0.5,0.5,0.1,2.5,2.0,0.5,0.4,0.3,3.0,12.1,3.5,1.3,37291,2018,
01.11,738,78.2,85.7,65.0,61.2,3.8,54.2,51.8,2.4,4.2,4.0,0.2,3.1,2.8,0.3,0.5,0.5,0.0,2.9,2.1,0.9,0.2,0.5,19.2,12.5,1.7,0.9,41412,2018,
03.01,3474,64.3,81.5,61.3,54.7,6.6,51.8,46.8,5.0,0.4,0.4,0.0,5.0,3.9,1.0,0.4,0.3,0.1,3.7,3.2,0.4,3.0,0.7,15.0,14.6,3.5,1.9,3915,2018,
03.02,668,64.1,82.7,63.8,55.8,7.9,47.2,42.1,5.1,1.6,1.4,0.2,9.6,8.2,1.4,0.2,0.0,0.2,5.1,4.2,0.9,2.8,0.9,13.1,15.7,1.2,2.6,35785,2018,
09.04,4253,68.2,84.1,73.9,65.6,8.3,63.8,57.9,5.9,1.0,0.9,0.1,2.7,1.9,0.8,2.0,1.1,0.9,4.4,3.9,0.6,0.4,0.1,8.8,13.9,1.8,1.0,35274,2018,
09.07,1183,72.6,74.0,64.0,55.6,8.4,54.8,48.9,5.9,1.3,1.3,0.0,2.7,2.0,0.7,3.5,1.9,1.6,1.7,1.6,0.1,0.5,0.0,7.3,23.5,1.7,2.9,42574,2018,
09.09,553,78.2,82.8,73.0,67.0,6.0,66.1,61.3,4.8,0.9,0.8,0.1,2.0,1.5,0.5,0.7,0.6,0.1,3.2,2.7,0.5,0.7,0.2,8.4,16.1,1.0,0.7,39916,2018,
09.01,1264,66.9,85.3,71.5,64.8,6.7,63.7,58.7,5.0,1.0,0.9,0.1,2.3,1.6,0.7,1.1,0.7,0.4,3.4,2.9,0.5,0.7,0.4,11.7,13.0,1.5,1.1,39775,2018,
11.05,622,69.5,89.3,8.1,78.9,1.2,78.2,77.3,0.9,0.0,0.0,0.0,1.2,0.9,0.2,0.0,0.0,0.0,0.7,0.7,0.0,0.0,0.9,7.4,1.6,0.0,0.9,57442,2018,
11.01,3843,72.8,82.4,72.2,68.7,3.5,67.2,64.7,2.5,0.6,0.6,0.0,1.9,1.5,0.4,0.4,0.1,0.3,2.2,1.9,0.3,0.2,0.8,7.4,16.0,1.2,2.2,7564,2018,
13.10,1677,69.0,85.6,7.1,65.9,4.5,65.3,62.0,3.3,0.2,0.2,0.0,4.2,3.3,1.0,0.3,0.3,0.1,0.4,0.3,0.2,0.3,0.0,13.2,11.8,2.3,2.4,38911,2018,
13.12,724,72.6,82.9,71.5,66.1,5.4,66.5,61.9,4.6,0.2,0.2,0.0,4.1,3.6,0.6,0.2,0.1,0.1,0.4,0.4,0.1,0.7,0.1,1.2,16.2,0.9,0.5,36562,2018,
14.05,2457,76.7,86.6,52.9,51.6,1.3,49.1,48.1,1.0,0.4,0.4,0.0,1.3,1.2,0.2,0.1,0.1,0.0,2.0,1.9,0.2,0.5,0.6,31.6,1.3,2.9,1.2,5915,2018,
14.07,4231,77.8,84.1,65.3,64.4,0.9,62.6,61.9,0.7,0.5,0.5,0.0,1.0,0.8,0.2,0.1,0.1,0.0,1.1,1.1,0.0,0.2,0.5,17.4,14.3,1.5,0.9,67913,2018,
14.08,3723,77.3,88.3,7.4,69.7,0.8,67.7,67.0,0.6,0.6,0.6,0.0,0.6,0.6,0.0,0.1,0.1,0.0,1.4,1.2,0.1,0.4,1.1,15.9,1.5,1.0,0.7,57965,2018,
14.10,5352,75.7,89.6,64.6,63.5,1.1,61.4,6.5,0.8,0.9,0.9,0.0,0.8,0.7,0.1,0.2,0.2,0.0,1.3,1.2,0.1,0.0,0.6,23.7,9.2,1.1,0.8,72619,2018,
14.18,652,71.0,87.2,54.4,53.6,0.9,51.6,51.0,0.6,0.2,0.2,0.0,0.9,0.6,0.2,0.0,0.0,0.0,1.7,1.7,0.0,0.0,0.4,31.7,11.0,1.7,0.6,64576,2018,
14.35,1925,73.5,91.3,78.9,78.1,0.7,76.8,76.2,0.6,0.6,0.6,0.0,0.8,0.7,0.1,0.1,0.1,0.0,0.4,0.4,0.0,0.1,1.1,1.2,7.9,0.7,1.1,6468,2018,
15.08,888,72.9,88.8,78.4,75.6,2.8,76.8,74.5,2.3,0.5,0.2,0.3,0.5,0.3,0.2,0.2,0.2,0.0,0.5,0.5,0.0,0.0,2.0,6.6,1.7,0.3,2.0,59768,2018,
15.15,526,71.3,0.0,8.5,78.7,1.9,73.6,72.3,1.3,1.9,1.6,0.0,2.7,2.4,0.3,0.3,0.3,0.0,2.1,2.1,0.0,0.3,1.6,6.1,1.4,0.5,0.5,63133,2018,
16.01,1278,63.3,83.3,53.2,48.1,5.1,46.4,42.6,3.7,1.1,1.1,0.0,2.8,2.0,0.9,0.2,0.0,0.2,2.6,2.3,0.2,2.0,1.6,25.1,1.9,5.6,1.7,3991,2018,
16.09,2335,72.8,85.9,55.3,49.5,5.8,47.6,43.7,3.8,0.1,0.0,0.1,3.9,2.6,1.4,0.8,0.5,0.4,2.9,2.7,0.2,3.4,0.6,25.2,9.9,4.0,1.6,4851,2018,
19.01,897,69.0,86.0,65.1,6.3,4.8,58.8,54.8,4.0,1.3,1.0,0.3,0.6,0.5,0.2,0.6,0.5,0.2,3.7,3.6,0.2,1.3,0.2,17.9,9.5,4.2,1.8,36145,2018,
19.05,736,73.5,82.4,37.0,32.7,4.3,35.9,32.0,3.9,0.4,0.0,0.4,0.6,0.6,0.0,0.2,0.2,0.0,0.0,0.0,0.0,1.7,0.7,42.1,14.8,2.6,1.1,33887,2018,
19.09,736,79.1,76.3,72.2,69.2,2.9,65.6,63.6,2.1,1.2,1.2,0.0,1.9,1.4,0.5,0.5,0.3,0.2,2.9,2.7,0.2,0.2,0.0,3.1,22.9,0.5,1.2,3947,2018,
22.00,869,68.6,82.4,54.2,49.0,5.2,5.7,46.5,4.2,0.5,0.3,0.2,1.8,1.2,0.7,0.0,0.0,0.0,1.2,1.0,0.2,1.5,1.3,21.3,9.2,7.6,4.9,39719,2018,
23.01,6898,69.3,79.6,54.2,45.3,8.9,47.9,4.8,7.0,0.6,0.5,0.1,2.9,1.9,1.1,0.9,0.5,0.4,1.9,1.6,0.3,1.8,0.3,21.8,16.4,3.6,1.8,36296,2018,
26.15,2129,73.0,83.7,46.4,41.1,5.3,42.3,38.1,4.2,0.2,0.0,0.2,1.9,1.2,0.6,0.2,0.1,0.1,1.8,1.7,0.1,1.2,0.4,34.5,7.4,8.6,1.5,3871,2018,
27.01,4879,68.8,85.5,5.1,47.0,3.0,46.7,44.3,2.4,0.4,0.4,0.0,1.6,1.3,0.3,0.1,0.0,0.1,1.2,1.0,0.2,0.8,0.7,33.0,11.2,3.2,1.1,59681,2018,
30.19,1165,72.7,81.2,46.4,43.4,3.0,42.5,4.1,2.4,0.4,0.4,0.0,0.8,0.4,0.5,0.2,0.2,0.0,2.5,2.4,0.1,0.7,1.1,3.1,11.2,7.0,3.5,37335,2018,
30.20,2575,62.6,86.9,6.3,54.3,6.0,49.2,45.6,3.6,0.6,0.6,0.0,5.5,3.9,1.5,0.4,0.2,0.2,4.7,4.1,0.6,5.0,1.9,17.4,1.2,2.5,2.7,41152,2018,
30.25,526,77.8,94.8,66.0,64.3,1.7,57.0,56.7,0.2,0.5,0.5,0.0,4.4,3.4,1.0,0.5,0.5,0.0,3.7,3.2,0.5,0.5,0.2,26.9,2.4,2.7,1.2,46796,2018,
31.03,527,63.4,86.4,76.0,69.2,6.9,71.9,65.3,6.6,1.5,1.5,0.0,2.4,2.1,0.3,0.0,0.0,0.0,0.3,0.3,0.0,0.6,0.9,7.8,12.6,0.9,1.2,34779,2018,
31.05,1469,67.7,83.0,49.8,42.6,7.2,45.3,39.1,6.2,0.8,0.6,0.2,1.6,1.1,0.5,0.4,0.2,0.2,1.7,1.5,0.2,0.5,0.6,31.0,9.0,7.8,1.2,3323,2018,
38.01,527,63.4,86.4,76.0,69.2,6.9,71.9,65.3,6.6,1.5,1.5,0.0,2.4,2.1,0.3,0.0,0.0,0.0,0.3,0.3,0.0,0.6,0.9,7.8,12.6,0.9,1.2,34779,2018,
38.02,1469,67.7,83.0,49.8,42.6,7.2,45.3,39.1,6.2,0.8,0.6,0.2,1.6,1.1,0.5,0.4,0.2,0.2,1.7,1.5,0.2,0.5,0.6,31.0,9.0,7.8,1.2,3323,2018,
40.06,1361,64.4,8.6,5.7,47.4,3.3,45.4,42.8,2.6,0.3,0.2,0.1,3.0,2.6,0.3,0.2,0.2,0.0,1.8,1.6,0.2,1.1,0.9,26.8,15.1,4.1,1.3,41183,2018,
40.08,1962,62.5,86.0,39.3,35.6,3.7,34.1,31.5,2.6,0.2,0.2,0.0,2.4,2.0,0.3,0.4,0.2,0.2,2.1,1.6,0.5,0.9,1.5,43.4,9.7,4.2,1.0,5782,2018,
42.01,21922,67.4,8.6,46.2,39.6,6.6,42.7,37.1,5.7,0.4,0.3,0.1,1.6,1.1,0.6,0.4,0.2,0.1,1.0,0.9,0.2,1.4,0.6,31.0,11.5,7.6,1.6,34959,2018,
42.28,579,81.9,92.9,57.2,51.7,5.5,54.4,49.8,4.6,0.4,0.4,0.0,1.3,0.6,0.6,0.0,0.0,0.0,1.1,0.8,0.2,1.9,0.2,29.5,5.3,1.5,4.4,37642,2018,
44.05,528,68.9,9.1,68.7,64.6,4.1,6.2,58.2,1.9,0.5,0.3,0.3,3.0,2.2,0.8,0.0,0.0,0.0,4.9,3.8,1.1,1.6,0.3,19.2,7.7,2.2,0.3,46795,2018,
44.07,3912,68.5,87.4,42.9,37.7,5.1,39.8,35.5,4.3,0.1,0.0,0.1,1.7,1.2,0.5,0.2,0.2,0.0,1.1,0.9,0.2,1.3,0.1,42.1,8.9,3.6,1.1,32734,2018,
45.01,1266,64.2,75.3,56.0,52.4,3.6,54.1,51.0,3.1,0.2,0.2,0.0,0.6,0.6,0.0,0.4,0.0,0.4,0.6,0.5,0.1,0.5,3.3,13.4,18.2,5.8,2.8,45169,2018,
45.02,2686,61.7,79.9,46.2,39.4,6.8,4.8,34.9,5.9,0.5,0.4,0.1,2.7,2.4,0.3,0.5,0.3,0.2,1.8,1.5,0.2,2.5,0.8,29.2,12.7,7.1,1.5,3532,2018,
45.04,1623,61.1,79.9,52.5,45.7,6.8,48.7,42.7,6.1,0.8,0.8,0.0,2.1,1.8,0.3,0.1,0.0,0.1,0.7,0.4,0.3,0.9,4.3,21.5,17.2,2.8,0.8,3621,2018,
45.06,1247,68.3,86.2,67.4,65.3,2.1,62.7,61.4,1.4,1.2,1.1,0.1,1.5,1.2,0.3,0.3,0.2,0.1,1.7,1.4,0.2,0.5,0.8,16.5,11.4,2.3,1.1,56423,2018,
45.09,2666,78.5,81.7,56.5,53.5,3.0,48.0,46.4,1.6,0.6,0.6,0.0,3.3,2.4,0.9,0.4,0.3,0.1,4.1,3.7,0.4,3.0,2.9,17.7,14.5,3.3,2.1,4449,2018,
45.10,8936,69.8,85.1,54.7,5.5,4.2,48.5,45.3,3.1,0.6,0.5,0.1,2.6,2.2,0.4,0.4,0.3,0.1,2.7,2.2,0.5,1.7,2.1,25.5,1.3,4.4,1.2,42355,2018,
50.04,4859,69.9,84.4,78.1,68.5,9.6,66.0,59.6,6.3,1.7,1.4,0.3,3.6,2.3,1.3,4.1,2.9,1.3,2.7,2.3,0.4,0.3,0.1,4.9,14.9,0.5,1.2,45184,2018,
50.05,3123,64.3,82.9,73.7,58.6,15.1,53.0,42.6,1.4,0.8,0.6,0.2,8.3,6.0,2.3,7.4,5.6,1.8,4.1,3.7,0.4,0.7,0.0,6.7,15.4,1.3,2.1,29739,2018,
50.06,2426,64.7,84.6,76.5,66.2,1.3,6.3,54.4,5.9,1.3,1.0,0.3,3.8,2.4,1.4,8.0,5.7,2.2,3.2,2.7,0.4,0.3,0.3,5.9,14.5,0.6,2.0,3639,2018,
50.07,3889,64.6,77.6,61.7,5.2,11.5,5.3,41.8,8.5,2.7,2.3,0.4,3.4,2.1,1.3,2.9,2.1,0.8,2.4,1.9,0.5,0.8,0.2,13.4,18.5,3.5,1.8,35369,2018,
50.09,3638,68.8,86.8,58.1,48.3,9.8,49.0,42.1,6.9,2.0,1.6,0.4,2.2,1.4,0.8,3.3,1.8,1.6,1.6,1.5,0.1,1.0,0.2,26.2,1.2,2.8,1.4,36468,2018,
51.02,2229,78.1,89.5,19.2,15.6,3.6,17.7,14.6,3.0,0.1,0.1,0.0,0.9,0.6,0.2,0.3,0.1,0.2,0.2,0.1,0.1,0.5,0.1,68.2,3.8,6.5,1.7,32977,2018,
51.09,1824,63.0,89.0,51.3,44.0,7.3,47.3,41.5,5.8,0.3,0.2,0.1,2.5,1.6,1.0,0.1,0.0,0.1,1.1,0.8,0.3,0.3,0.8,36.1,8.2,2.8,0.5,44561,2018,
51.11,648,75.5,9.2,26.8,22.3,4.5,22.9,19.8,3.1,0.2,0.2,0.0,3.1,1.6,1.4,0.0,0.0,0.0,0.6,0.6,0.0,0.8,0.6,6.5,3.7,5.9,1.6,31191,2018,
51.20,643,69.5,94.6,44.3,43.4,0.9,32.9,32.0,0.9,0.0,0.0,0.0,0.2,0.2,0.0,0.0,0.0,0.0,11.2,11.2,0.0,0.0,0.0,5.1,4.9,0.4,0.2,74496,2018,
51.23,717,82.8,94.0,24.6,21.7,2.9,22.9,21.0,1.9,0.3,0.3,0.0,0.5,0.2,0.3,0.5,0.0,0.5,0.3,0.2,0.2,0.3,0.2,68.0,3.2,2.7,1.0,31674,2018,
51.31,674,76.3,88.2,34.6,3.2,4.5,28.4,25.9,2.5,0.0,0.0,0.0,1.9,1.2,0.8,0.2,0.2,0.0,4.1,2.9,1.2,0.2,0.6,51.9,7.0,4.7,1.0,34665,2018,
51.38,16885,66.4,9.8,84.9,81.4,3.5,82.8,79.6,3.2,0.2,0.2,0.0,0.9,0.7,0.2,0.1,0.1,0.0,0.8,0.7,0.1,0.2,0.6,4.3,8.7,0.4,0.9,56794,2018,
52.01,599,64.6,92.8,75.4,72.6,2.8,71.9,69.6,2.4,1.2,1.1,0.0,1.0,0.8,0.2,0.2,0.2,0.1,1.0,1.0,0.1,0.2,0.5,15.8,6.4,0.7,1.0,6224,2018,
52.02,27178,73.0,89.2,77.1,73.4,3.7,72.5,69.4,3.1,1.9,1.8,0.1,1.3,1.0,0.3,0.3,0.2,0.0,1.1,1.0,0.1,0.3,0.9,9.2,9.4,1.1,1.9,52149,2018,
52.03,13463,79.5,89.7,63.8,61.0,2.8,6.7,58.4,2.3,0.5,0.5,0.0,1.0,0.8,0.2,0.1,0.1,0.0,1.6,1.3,0.3,0.1,0.3,24.2,8.3,1.9,1.4,51783,2018,
52.06,923,69.1,89.8,78.5,75.5,3.0,74.1,72.1,2.0,0.9,0.6,0.3,1.4,0.9,0.5,0.8,0.8,0.0,1.3,1.1,0.2,0.5,0.6,8.9,8.9,1.1,1.4,52448,2018,
52.07,1131,76.7,91.3,78.9,74.7,4.3,69.9,66.9,3.0,6.1,5.5,0.6,0.8,0.6,0.2,0.3,0.1,0.2,1.7,1.5,0.2,0.3,1.0,8.9,7.7,0.8,2.3,48851,2018,
52.08,13461,77.7,87.3,75.4,73.6,2.0,72.1,7.6,1.5,1.2,1.1,0.1,1.1,1.0,0.1,0.2,0.1,0.0,1.0,0.9,0.1,0.1,0.5,1.1,11.1,1.3,1.2,55138,2018,
52.09,2817,78.5,87.7,69.2,66.0,3.2,65.5,62.5,3.0,0.8,0.7,0.0,1.3,1.2,0.1,0.1,0.1,0.0,1.5,1.5,0.0,0.2,0.2,16.8,11.5,0.6,1.5,39784,2018,
52.11,1881,82.3,85.7,74.4,71.2,3.2,69.2,66.8,2.4,1.5,1.4,0.1,1.3,1.0,0.3,0.3,0.1,0.2,2.1,1.9,0.3,0.8,0.8,8.5,12.7,1.4,1.4,5317,2018,
52.12,3473,77.7,85.6,78.6,76.4,2.2,75.6,73.8,1.8,0.8,0.7,0.1,1.2,1.1,0.1,0.2,0.1,0.1,0.7,0.6,0.1,0.1,0.6,5.6,13.3,1.0,0.9,6156,2018,
52.13,1353,74.6,83.9,7.8,69.1,1.7,67.4,65.9,1.5,0.5,0.4,0.1,1.4,1.4,0.0,0.3,0.3,0.0,1.2,1.1,0.1,0.1,0.3,11.2,14.9,0.9,1.9,57732,2018,
52.14,11843,78.0,85.9,78.3,74.0,4.3,72.7,69.2,3.5,1.7,1.6,0.1,1.7,1.4,0.3,0.5,0.3,0.1,1.8,1.5,0.3,0.2,0.3,5.8,13.1,0.7,1.5,45539,2018,
52.19,653,72.9,86.7,82.4,76.5,5.9,79.2,73.5,5.7,0.2,0.2,0.0,1.7,1.7,0.0,0.2,0.2,0.0,1.1,0.8,0.2,0.0,0.0,3.8,12.6,0.6,0.6,3873,2018,
52.20,744,79.0,91.9,88.6,87.1,1.5,85.4,83.8,1.5,0.7,0.7,0.0,1.9,1.9,0.0,0.0,0.0,0.0,0.7,0.7,0.0,0.0,0.7,1.9,8.0,0.0,0.9,5947,2018,
52.03,674,76.3,88.2,34.6,3.2,4.5,28.4,25.9,2.5,0.0,0.0,0.0,1.9,1.2,0.8,0.2,0.2,0.0,4.1,2.9,1.2,0.2,0.6,51.9,7.0,4.7,1.0,34665,2018,
52.05,16885,66.4,9.8,84.9,81.4,3.5,82.8,79.6,3.2,0.2,0.2,0.0,0.9,0.7,0.2,0.1,0.1,0.0,0.8,0.7,0.1,0.2,0.6,4.3,8.7,0.4,0.9,56794,2018,
01.01,1899,67.7,87.0,74.1,71.1,3.0,65.2,63.1,2.2,4.0,3.9,0.2,1.9,1.9,0.1,0.6,0.6,0.0,2.3,1.6,0.6,0.2,0.5,11.7,11.6,1.3,0.6,47358,2020,
01.10,562,75.6,87.9,42.4,38.6,3.8,37.9,35.5,2.4,0.2,0.0,0.2,2.1,1.6,0.5,0.2,0.0,0.2,1.9,1.4,0.5,0.0,0.0,44.5,1.4,1.6,1.2,48834,2020,
09.07,2536,66.9,74.9,62.2,5.5,11.7,53.9,44.8,9.1,1.9,1.6,0.4,2.0,1.4,0.6,3.0,2.0,1.0,1.4,0.7,0.6,0.2,0.5,1.6,22.9,1.8,1.9,43882,2020,
09.09,5321,67.4,81.5,68.3,61.7,6.6,61.8,56.9,5.0,1.0,0.9,0.1,2.5,1.9,0.5,1.0,0.8,0.2,2.0,1.3,0.8,0.6,0.6,11.2,17.5,0.8,0.9,4333,2020,
11.07,1476,62.4,85.3,69.6,67.0,2.7,66.2,64.3,1.9,0.6,0.6,0.0,1.5,1.0,0.5,0.3,0.2,0.1,1.0,0.9,0.1,0.3,0.5,14.3,13.8,0.8,0.7,85766,2020,
11.10,1791,64.5,86.5,75.1,71.2,3.9,71.8,68.4,3.4,0.7,0.6,0.1,1.9,1.6,0.3,0.3,0.3,0.0,0.3,0.3,0.1,0.1,1.4,8.8,12.6,0.7,1.3,5932,2020,
15.08,984,69.7,81.0,68.1,65.7,2.3,65.5,63.6,1.9,0.6,0.6,0.0,0.9,0.6,0.3,0.3,0.3,0.0,0.9,0.7,0.1,0.0,1.5,1.5,17.3,1.5,1.2,658,2020,
15.15,578,63.7,0.0,75.8,73.6,2.2,72.6,71.2,1.4,0.5,0.5,0.0,1.4,1.4,0.0,0.0,0.0,0.0,1.4,0.5,0.8,0.5,1.6,9.8,1.6,1.1,0.5,67621,2020,
19.01,613,63.5,74.1,48.1,44.5,3.6,46.3,43.4,2.8,0.5,0.3,0.3,0.3,0.3,0.0,0.3,0.0,0.3,0.8,0.5,0.3,1.3,0.3,23.1,17.7,7.7,1.8,42899,2020,
19.05,932,67.5,84.6,36.4,3.8,5.6,31.0,27.8,3.2,1.0,0.5,0.5,3.0,1.4,1.6,0.2,0.2,0.0,1.3,1.0,0.3,0.6,1.3,45.5,11.8,3.5,1.0,37441,2020,
19.07,3534,63.8,74.3,44.3,39.1,5.1,41.8,37.3,4.6,0.6,0.5,0.1,0.7,0.4,0.3,0.3,0.3,0.0,0.8,0.6,0.2,1.1,0.2,27.5,15.7,9.5,1.7,34646,2020,
19.09,743,76.4,69.6,63.9,58.1,5.8,59.0,54.6,4.4,2.1,1.6,0.5,1.1,0.5,0.5,1.1,0.9,0.2,0.7,0.5,0.2,0.2,0.0,4.4,27.6,2.3,1.6,43698,2020,
31.05,1469,67.7,83.0,49.8,42.6,7.2,45.3,39.1,6.2,0.8,0.6,0.2,1.6,1.1,0.5,0.4,0.2,0.2,1.7,1.5,0.2,0.5,0.6,31.0,9.0,7.8,1.2,37725,2020,
51.02,2888,64.6,85.7,17.3,13.5,3.8,15.6,12.5,3.1,0.1,0.0,0.1,1.2,0.8,0.4,0.2,0.1,0.2,0.2,0.1,0.1,0.8,0.3,65.9,5.8,8.2,1.7,34517,2020,
51.07,1718,73.6,82.5,66.6,64.2,2.5,64.5,62.3,2.1,0.6,0.5,0.2,0.8,0.7,0.1,0.0,0.0,0.0,0.7,0.6,0.1,0.3,2.1,11.3,12.8,4.2,2.7,43155,2020,
51.09,1368,64.4,84.7,44.3,38.1,6.1,42.1,36.3,5.8,0.3,0.3,0.0,1.2,1.0,0.2,0.0,0.0,0.0,0.6,0.5,0.1,0.0,2.3,37.7,11.4,3.9,0.6,57525,2020,
52.01,6476,69.3,87.2,76.5,72.9,3.7,72.7,69.9,2.8,1.6,1.4,0.2,1.1,0.8,0.3,0.3,0.2,0.1,0.9,0.6,0.3,0.3,0.3,9.6,11.2,1.5,0.6,59231,2020,
52.02,2645,65.2,85.1,71.4,67.5,3.9,67.3,64.2,3.1,1.5,1.4,0.2,1.3,1.0,0.3,0.2,0.2,0.1,1.0,0.8,0.2,0.2,1.3,1.9,13.2,1.4,1.6,54392,2020,
52.03,12895,71.6,9.3,6.5,56.4,4.1,55.9,53.6,2.3,0.3,0.3,0.0,0.9,0.7,0.2,0.2,0.2,0.0,3.2,1.7,1.5,0.1,0.8,27.7,7.9,1.6,1.3,5489,2020,
52.05,567,61.9,91.1,78.9,56.1,22.8,59.5,53.8,5.7,0.3,0.3,0.0,1.7,1.1,0.6,0.9,0.6,0.3,16.5,0.3,16.2,0.9,0.3,1.8,8.0,0.9,0.3,441,2020,
52.06,847,61.2,81.6,55.0,5.4,4.6,51.0,47.7,3.3,0.8,0.6,0.2,1.9,1.2,0.8,0.6,0.4,0.2,0.8,0.6,0.2,0.8,0.8,23.2,16.4,1.5,2.3,5725,2020,
52.08,15535,67.6,87.2,72.3,68.6,3.8,67.6,65.7,1.9,1.1,1.1,0.0,1.0,0.8,0.2,0.2,0.2,0.0,2.4,0.8,1.6,0.1,0.8,12.5,11.0,1.5,1.7,59627,2020,
52.11,1799,72.8,82.3,64.4,59.5,4.9,59.3,56.2,3.1,0.9,0.9,0.0,1.6,1.1,0.5,0.1,0.0,0.1,2.4,1.2,1.2,0.5,0.9,15.1,15.3,2.0,1.8,5236,2020,
52.13,2949,65.2,84.6,68.5,65.3,3.2,64.4,61.9,2.5,0.9,0.8,0.1,1.2,1.0,0.2,0.2,0.2,0.0,1.8,1.4,0.4,0.2,0.3,14.2,13.6,1.5,1.7,63233,2020,
52.14,13393,67.7,8.9,69.7,64.1,5.7,64.6,6.9,3.7,1.4,1.2,0.2,1.3,0.9,0.5,0.5,0.3,0.1,1.9,0.8,1.2,0.2,0.5,9.4,17.5,1.3,1.3,4861,2020,
52.15,612,67.5,83.4,72.2,67.3,4.8,65.9,63.4,2.4,2.7,2.4,0.2,0.7,0.7,0.0,0.2,0.2,0.0,2.7,0.5,2.2,0.0,0.7,9.7,14.8,1.7,1.0,5631,2020,
52.20,672,61.6,94.4,91.5,9.8,0.7,86.7,86.2,0.5,1.2,1.2,0.0,1.9,1.7,0.2,0.2,0.2,0.0,1.4,1.4,0.0,0.0,1.0,1.7,5.6,0.0,0.2,61249,2020,
01.09,1768,66.2,85.0,49.4,44.1,5.3,44.4,4.0,4.4,1.8,1.8,0.0,2.0,1.3,0.7,0.1,0.1,0.0,1.2,0.9,0.3,0.3,0.4,34.0,1.3,4.7,0.9,3631,2021,15.0
01.11,565,66.9,84.5,67.7,63.2,4.5,59.3,55.8,3.4,4.2,3.7,0.5,2.9,2.4,0.5,0.5,0.5,0.0,0.8,0.8,0.0,0.5,0.0,15.3,14.0,1.3,1.1,4454,2021,15.3
05.01,1158,66.5,81.3,55.3,48.4,6.9,47.1,41.6,5.6,1.6,1.4,0.1,3.1,2.6,0.5,0.9,0.6,0.3,2.6,2.2,0.4,1.2,1.0,22.5,13.2,5.1,1.7,46499,2021,18.3
09.04,3969,65.4,85.8,7.5,61.7,8.9,61.1,55.8,5.2,0.7,0.5,0.2,2.7,1.8,0.9,1.9,1.1,0.8,4.2,2.5,1.7,0.3,0.4,13.9,13.4,0.8,0.8,445,2021,14.1
09.07,2487,67.8,85.9,71.7,6.9,1.8,63.1,55.1,8.0,1.4,1.2,0.2,2.6,1.6,0.9,3.5,2.3,1.2,1.1,0.7,0.4,0.1,0.2,12.8,12.8,1.1,1.4,46222,2021,13.9
11.02,859,67.4,82.4,71.8,69.9,1.9,66.5,65.5,1.0,0.7,0.7,0.0,1.9,1.4,0.5,0.2,0.2,0.0,2.6,2.2,0.3,0.0,0.2,9.7,14.7,2.8,0.9,9193,2021,17.4
11.04,571,84.8,88.9,72.9,66.3,6.6,68.4,62.6,5.8,0.8,0.8,0.0,2.5,1.7,0.8,0.0,0.0,0.0,1.2,1.2,0.0,0.0,0.6,14.7,1.7,0.2,0.8,6797,2021,11.0
14.02,1582,72.9,82.5,49.4,48.8,0.6,47.0,46.5,0.5,0.4,0.4,0.0,0.8,0.7,0.1,0.1,0.1,0.0,1.1,1.1,0.0,0.0,3.0,29.4,16.5,1.0,0.7,71189,2021,17.4
14.05,2655,69.9,87.6,53.0,51.3,1.7,5.0,48.5,1.5,0.3,0.3,0.1,1.7,1.5,0.2,0.1,0.1,0.0,0.9,0.9,0.0,0.1,0.5,33.2,9.9,2.4,0.9,65384,2021,12.3
14.07,3433,74.1,83.5,65.4,64.3,1.2,63.3,62.5,0.8,0.2,0.2,0.0,1.1,0.8,0.3,0.0,0.0,0.0,0.8,0.7,0.1,0.0,0.4,17.1,15.7,0.8,0.6,799,2021,16.5
14.08,4238,69.2,89.1,7.4,69.0,1.4,67.3,66.2,1.1,0.4,0.4,0.0,1.1,1.0,0.1,0.2,0.1,0.1,1.4,1.3,0.1,0.1,1.7,16.5,9.9,0.9,0.6,61314,2021,1.8
14.10,546,61.1,85.5,66.7,65.2,1.4,64.1,63.0,1.1,0.6,0.6,0.0,0.9,0.8,0.2,0.2,0.1,0.1,0.8,0.7,0.1,0.1,0.9,17.2,13.6,0.8,0.8,78148,2021,14.4
14.19,9791,69.6,85.6,67.7,66.4,1.3,64.9,63.9,1.0,0.6,0.6,0.0,1.4,1.3,0.1,0.1,0.1,0.1,0.7,0.6,0.2,0.1,1.6,15.5,13.5,0.7,0.9,67744,2021,14.2
15.10,529,68.1,93.6,9.3,89.7,0.6,83.9,83.3,0.6,1.4,1.4,0.0,2.8,2.8,0.0,0.8,0.8,0.0,1.4,1.4,0.0,0.0,1.9,0.6,6.4,0.0,0.8,62491,2021,6.4
16.09,2277,62.4,82.2,52.6,45.7,6.9,46.8,42.0,4.8,0.5,0.4,0.1,3.5,2.0,1.5,0.4,0.2,0.1,1.5,1.1,0.4,1.4,0.6,26.3,11.7,5.8,1.5,44127,2021,17.5
19.05,994,65.1,87.5,38.0,32.6,5.4,33.2,29.4,3.9,1.9,1.2,0.6,1.9,1.4,0.5,0.2,0.2,0.0,0.9,0.5,0.5,0.5,0.3,47.0,9.1,3.2,1.9,38538,2021,12.4
19.07,3735,62.0,83.6,5.0,44.3,5.7,48.4,43.2,5.2,0.3,0.3,0.0,0.6,0.3,0.2,0.3,0.2,0.1,0.4,0.3,0.1,0.4,0.3,31.7,11.1,5.0,1.4,365,2021,16.2
26.05,686,66.0,83.8,38.4,34.9,3.5,32.5,29.6,2.9,0.2,0.0,0.2,3.5,3.5,0.0,0.2,0.0,0.2,2.0,1.8,0.2,1.1,0.2,42.4,1.4,5.7,1.8,4316,2021,16.1
26.09,1587,71.5,8.5,3.8,24.4,6.3,27.8,21.9,5.9,0.8,0.7,0.1,1.1,0.9,0.2,0.2,0.2,0.0,1.0,0.8,0.2,0.4,1.2,46.9,6.8,12.4,1.5,3827,2021,19.2
26.15,2933,68.6,85.1,46.4,41.1,5.4,42.1,37.6,4.6,0.2,0.2,0.0,2.1,1.6,0.4,0.3,0.1,0.1,1.7,1.5,0.2,0.6,0.3,36.9,7.0,7.8,0.9,42458,2021,14.8
27.01,4964,61.3,85.3,49.2,45.8,3.4,45.9,43.1,2.8,0.5,0.5,0.0,1.5,1.2,0.3,0.4,0.3,0.1,0.9,0.7,0.3,0.6,0.5,34.4,11.2,3.4,0.8,66657,2021,14.6
30.19,689,61.5,73.9,28.8,23.6,5.2,24.8,2.5,4.2,0.5,0.2,0.2,0.9,0.2,0.7,0.0,0.0,0.0,2.6,2.6,0.0,0.2,0.0,43.6,13.9,11.8,1.7,38861,2021,25.7
40.05,3324,62.0,84.1,39.8,36.5,3.3,35.7,33.0,2.7,0.3,0.2,0.1,2.2,2.0,0.2,0.0,0.0,0.0,1.5,1.2,0.3,0.3,1.1,41.9,1.2,5.5,1.2,4543,2021,15.8
42.28,1246,73.0,82.9,49.7,44.8,4.8,45.6,41.8,3.8,0.3,0.2,0.1,1.1,0.8,0.3,0.3,0.0,0.3,2.3,2.1,0.2,0.3,1.2,27.7,9.7,7.0,4.4,36721,2021,16.7
44.07,4187,61.3,84.7,39.6,34.9,4.7,37.2,33.0,4.2,0.3,0.2,0.1,0.7,0.4,0.3,0.1,0.1,0.0,1.2,1.1,0.1,0.8,0.3,43.0,11.2,4.0,1.2,36375,2021,15.2
45.01,1177,65.8,82.7,57.7,48.8,8.9,52.8,45.2,7.6,1.9,1.5,0.4,2.3,1.8,0.5,0.4,0.1,0.3,0.3,0.1,0.1,0.3,2.2,21.4,13.4,3.7,1.3,51636,2021,17.2
45.09,3498,76.5,87.9,58.3,52.2,6.1,52.0,47.9,4.1,0.7,0.5,0.1,2.7,1.6,1.0,0.2,0.2,0.0,2.7,2.0,0.7,1.1,1.7,26.0,1.2,1.8,1.0,5335,2021,12.0
50.10,1179,72.3,88.0,74.4,61.5,12.9,6.9,51.3,9.6,3.5,3.1,0.5,2.5,1.3,1.2,6.7,5.5,1.2,0.8,0.4,0.5,0.5,0.4,11.6,1.3,1.5,1.3,39993,2021,11.9
51.07,1986,65.3,87.8,7.6,67.7,2.9,66.8,64.4,2.5,0.4,0.3,0.1,1.0,0.8,0.2,0.0,0.0,0.0,2.4,2.2,0.2,0.2,1.3,12.3,1.5,1.4,3.7,45843,2021,11.9
51.22,5469,62.3,85.5,53.4,48.0,5.3,49.7,45.2,4.5,0.4,0.2,0.2,1.6,1.1,0.6,0.3,0.2,0.1,1.4,1.3,0.1,0.5,0.7,3.5,9.6,4.8,0.6,44856,2021,14.4
51.23,896,71.3,92.6,29.1,25.8,3.3,27.2,24.4,2.8,0.0,0.0,0.0,0.8,0.5,0.3,0.2,0.0,0.2,0.9,0.9,0.0,0.0,0.0,63.4,4.7,2.7,0.2,3724,2021,7.4
51.31,946,67.8,9.1,47.3,44.5,2.8,44.6,42.3,2.3,0.2,0.2,0.0,0.5,0.3,0.2,0.0,0.0,0.0,2.0,1.7,0.3,0.3,0.6,38.4,8.3,1.2,3.9,36224,2021,9.5
52.02,28318,64.3,87.6,73.8,7.0,3.8,69.7,66.6,3.1,1.6,1.4,0.2,1.2,1.0,0.3,0.4,0.3,0.1,0.9,0.8,0.2,0.1,1.0,11.4,1.8,1.4,1.4,56391,2021,12.3
52.07,1395,68.2,88.7,72.2,68.1,4.1,62.5,59.2,3.3,6.7,6.2,0.5,1.4,1.3,0.1,0.7,0.6,0.1,0.8,0.7,0.1,0.1,0.3,15.0,1.2,0.8,1.4,5821,2021,11.0
52.08,15962,73.4,88.8,76.2,73.3,2.8,71.7,69.8,1.9,1.3,1.2,0.1,0.8,0.6,0.2,0.2,0.2,0.0,2.2,1.5,0.6,0.0,0.5,11.4,9.3,1.7,0.8,62163,2021,11.0
52.09,2662,66.1,81.5,71.8,63.5,8.4,65.1,58.3,6.8,1.8,1.6,0.1,2.3,1.5,0.8,0.3,0.2,0.1,2.4,1.8,0.6,0.3,0.3,7.8,16.4,1.6,1.7,38989,2021,18.1
52.10,2426,71.8,85.2,7.5,65.2,5.3,65.8,61.4,4.4,1.0,1.0,0.1,2.1,1.7,0.4,0.4,0.2,0.2,1.1,0.9,0.3,0.2,0.7,13.1,11.7,3.0,0.9,562,2021,14.7
52.13,2764,76.6,89.0,76.1,74.4,1.7,69.7,68.4,1.3,1.5,1.3,0.1,1.0,1.0,0.0,0.1,0.1,0.0,3.8,3.6,0.2,0.0,0.3,11.9,9.9,1.0,0.8,65843,2021,1.9
52.14,1413,72.1,86.5,76.6,71.7,4.9,7.9,67.3,3.6,1.7,1.6,0.1,1.0,0.7,0.2,0.8,0.5,0.2,2.2,1.5,0.7,0.1,0.3,8.8,12.3,1.0,0.8,49481,2021,13.3
52.20,1289,61.7,9.5,86.4,85.0,1.4,82.8,81.5,1.3,1.5,1.5,0.0,1.5,1.4,0.1,0.3,0.3,0.0,0.4,0.4,0.0,0.0,1.6,2.0,9.2,0.3,0.5,59697,2021,9.4
