,cip_code,earnings.highest.1_yr.male_median_earnings,earnings.highest.1_yr.nonmale_median_earnings,earnings.highest.1_yr.overall_median_earnings,earnings.highest.3_yr.male_median_earnings,earnings.highest.3_yr.nonmale_median_earnings,earnings.highest.2_yr.overall_median_earnings,CIPCode,CIPTitle
0,01.00,40786.13333333333,33450.77777777778,37245.88505747127,44577.88461538462,36479.083333333336,36284.22586206897,01.00,"Agriculture, General."
1,01.01,45522.13676470588,41171.57333333333,42977.27638888889,52745.03571428572,48119.10227272727,42363.45549242425,01.01,Agricultural Business and Management.
2,01.02,47853.91666666666,,46811.09722222222,54657.759259259255,,46732.625,01.02,Agricultural Mechanization.
3,01.03,37155.181818181816,24697.81818181818,31324.65873015873,43029.1,30610.38888888889,32066.041666666668,01.03,Agricultural Production Operations.
4,01.04,68447.0,64981.0,54205.5,78507.0,,48990.333333333336,01.04,Agricultural and Food Products Processing.
5,01.05,,25577.555555555555,25809.9,,28841.4375,25869.61111111111,01.05,Agricultural and Domestic Animal Services.
6,01.06,41272.71428571428,26297.5,34436.53571428572,41617.75,,34359.375,01.06,Applied Horticulture and Horticultural Business Services.
7,01.07,,30398.0,35046.0,,,30439.75,01.07,International Agriculture.
8,01.08,41433.0,38462.71428571428,36610.444444444445,45958.333333333336,42735.375,37846.32142857143,01.08,Agricultural Public Services.
9,01.09,39622.92592592593,28431.77978723404,29721.99645390071,44929.34210526316,34589.52222222222,30074.88224637681,01.09,Animal Sciences.
10,01.10,44673.6875,44310.73148148148,44512.68,48984.16666666666,52646.578125,43928.236607142855,01.10,Food Science and Technology.
11,01.11,41679.14666666667,32737.53571428572,38304.00523809524,45876.114583333336,37911.09090909091,37281.94594594595,01.11,Plant Sciences.
12,01.12,44146.2,,43847.66666666666,47540.66666666666,,46300.875,01.12,Soil Sciences.
13,01.13,,,,,,27423.33333333333,,
14,01.80,,,,,,77384.22,,
15,01.81,,,,,,63859.5,,
16,01.83,,22045.0,22317.0,,,29531.06914893617,,
17,01.99,48514.66666666666,34676.5,42781.8125,55890.0,37533.333333333336,44457.66666666666,01.99,"Agriculture, Agriculture Operations, and Related Sciences, Other."
18,03.01,35490.01328571429,30952.857886904763,34251.01161852719,43501.94950617284,37895.05359477124,33716.73779441884,03.01,Natural Resources Conservation and Research.
19,03.02,37460.02631578947,34559.142857142855,34221.50961538462,43623.94117647059,45204.5,39630.49166666667,03.02,Natural Resources Management and Policy.
20,03.03,29768.0,26935.571428571428,29765.545454545456,38179.0,29242.666666666668,29653.15,03.03,Fishing and Fisheries Sciences and Management.
21,03.05,41463.5,34380.8,38495.55172413793,48046.34090909091,28816.0,40591.42,03.05,Forestry.
22,03.06,29693.571428571428,23887.947368421053,26760.12222222222,36094.76315789474,27560.8,27526.258620689656,03.06,Wildlife and Wildlands Science and Management.
23,03.99,,26447.5,26737.33333333333,35975.0,27653.0,25850.5,03.99,"Natural Resources and Conservation, Other."
24,04.02,49657.34203703704,48625.316666666666,49144.52251773049,56864.03599290781,55255.5599593496,48735.77766666667,04.02,Architecture.
25,04.03,53187.05952380953,55690.458333333336,51450.34361111112,59602.132352941175,60959.12037037037,49840.703095238096,04.03,"City/Urban, Community and Regional Planning."
26,04.04,35154.5,38677.0,36252.5,52398.8,49945.5,41664.6,04.04,Environmental Design.
27,04.05,,40127.625,39850.8125,,49969.4,44665.117647058825,04.05,Interior Architecture.
28,04.06,50097.07142857143,46541.66666666666,48411.7,54828.36363636364,57821.5,48588.7962962963,04.06,Landscape Architecture.
29,04.08,,,,,,39230.0,04.08,Architectural History and Criticism.
30,04.09,52281.020833333336,52862.5,52993.22368421053,60073.21428571428,47772.75,48626.708333333336,04.09,Architectural Sciences and Technology.
31,04.10,79226.16666666667,70684.0,66282.66666666667,102661.83333333331,,94171.4,04.10,Real Estate Development.
32,04.99,,,40934.0,,31427.0,44480.71428571428,04.99,"Architecture and Related Services, Other."
33,05.01,38918.6,35612.75862068965,33450.431547619046,43374.38888888889,40493.17307692308,33819.57100529101,05.01,Area Studies.
34,05.02,31416.125,31378.44647435897,31964.93031358885,40876.333333333336,36478.37987012987,29729.100343964976,05.02,"Ethnic, Cultural Minority, Gender, and Group Studies."
35,09.01,33761.03617078684,34534.592747029834,33664.84875148803,40765.992957679846,41856.65746571976,34696.07462854195,09.01,Communication and Media Studies.
36,09.04,30165.018826135103,33311.889550264554,31819.977077497668,41025.89994331066,40927.94447337963,32941.981852945035,09.04,Journalism.
37,09.07,29303.414272774324,32114.94226190476,30695.475633394384,37267.02672619048,40266.26626016261,31593.30705222418,09.07,"Radio, Television, and Digital Communication."
38,09.09,37773.07185592185,38326.32627535863,38146.14975749559,48171.74375,45655.39828571429,39232.6979717813,09.09,"Public Relations, Advertising, and Applied Communication."
39,09.10,,42538.125,42938.5,,55233.5,47022.25,09.10,Publishing.
40,09.99,40284.57142857143,40673.5625,37947.057692307695,53096.66666666667,47989.5,39288.73611111111,09.99,"Communication, Journalism, and Related Programs, Other."
41,10.01,22005.83333333333,19280.5,21924.4,24995.75,22990.0,30133.0,10.01,Communications Technology/Technician.
42,10.02,24041.00694444444,20113.8,24123.433159722223,29368.7,28739.5,25304.013157894737,10.02,Audiovisual Communications Technologies/Technicians.
43,10.03,30726.697916666668,29801.704545454544,28590.05284552846,39190.067460317456,36445.55882352941,30138.23345959596,10.03,Graphic Communications.
44,10.99,28399.0,33547.0,30899.666666666668,35115.5,38678.0,30504.0,10.99,"Communications Technologies/Technicians and Support Services, Other."
45,11.01,57216.40865956434,60492.99151785714,55650.82192720999,67552.7736379795,68998.76909722222,56841.21475481783,11.01,"Computer and Information Sciences, General."
46,11.02,48663.33148604269,39977.0,46975.56746031746,57042.67877668308,49357.57291666666,46593.69831617332,11.02,Computer Programming.
47,11.03,45473.53333333333,29628.0,40501.90740740741,38353.47619047619,38131.0,36081.93333333333,11.03,Data Processing.
48,11.04,59616.36872082167,57061.83897243109,58410.3427960928,71662.06293402778,66645.4101010101,59624.03548534798,11.04,Information Science/Studies.
49,11.05,59173.32857142857,56088.517857142855,64284.74083269671,69162.37053571429,63957.07142857143,59044.78699305809,11.05,Computer Systems Analysis.
50,11.06,,,24556.0,36707.0,,33993.0,11.06,Data Entry/Microcomputer Applications.
51,11.07,66131.63689817679,78642.1375,66411.55189368867,83738.20567325801,114148.1984126984,69367.1515761799,11.07,Computer Science.
52,11.08,42542.98141891892,36774.55555555556,43294.7822736787,49973.23648648649,36120.89947089947,40138.901071428576,11.08,Computer Software and Media Applications.
53,11.09,49340.58031898657,42097.333333333336,46795.76571573752,51586.54708485959,46090.88938492063,45068.02024470899,11.09,Computer Systems Networking and Telecommunications.
54,11.10,55841.13482683983,53624.52136752137,54300.3307179987,57370.91247276689,46378.132246376816,52396.62949507389,11.10,Computer/Information Technology Administration and Management.
55,11.99,51070.4,77545.5,51659.454545454544,69580.71428571429,81448.5,60235.98888888889,11.99,"Computer and Information Sciences and Support Services, Other."
56,12.03,41206.21428571428,34096.05882352941,36931.92857142857,45829.8125,41510.307692307695,37884.48809523809,12.03,Funeral Service and Mortuary Science.
57,12.04,6938.0,16945.475,16279.456944444444,,17599.756140350877,16758.15744047619,12.04,Cosmetology and Related Personal Grooming Services.
58,12.05,29744.378205128207,25468.20512820513,26317.440656565657,31385.191176470587,27117.873015873018,25328.74578373016,12.05,Culinary Arts and Related Services.
59,12.99,,,,,,,12.99,"Personal and Culinary Services, Other."
60,13.01,53426.23500631313,47578.21085401997,48676.38690786211,57876.19144144144,50106.325128499215,48529.53482952233,13.01,"Education, General."
61,13.02,,58968.55555555556,59315.44047619047,,57681.11111111111,56441.79166666666,13.02,"Bilingual, Multilingual, and Multicultural Education."
62,13.03,54658.10784313726,48841.3678718401,49805.6863778087,56591.68055555556,51362.99768907563,50971.47860331633,13.03,Curriculum and Instruction.
63,13.04,64009.4850312256,58890.67088261131,61052.07635338147,69202.8835813492,61983.366001221,60694.40957377025,13.04,Educational Administration and Supervision.
64,13.05,61510.53571428572,53850.97297297297,55053.91553030303,61629.5,54227.958333333336,54457.78262411348,13.05,Educational/Instructional Media Design.
65,13.06,66936.0,54195.333333333336,54558.05,60665.0,37637.333333333336,53053.9,13.06,"Educational Assessment, Evaluation, and Research."
66,13.07,,48437.0,49232.46666666667,,57652.25,49881.88888888888,13.07,International and Comparative Education.
67,13.09,,50581.333333333336,48894.625,,60175.16666666666,46210.16666666666,13.09,Social and Philosophical Foundations of Education.
68,13.10,54806.73456790123,45346.18569718104,45522.10326419937,57375.05555555556,47095.48586194879,44749.80013011294,13.10,Special Education and Teaching.
69,13.11,46490.95416666666,43857.50129456154,44446.76892076503,50871.6375,47143.892857142855,45775.32881212594,13.11,Student Counseling and Personnel Services.
70,13.12,44603.92546675546,38281.47609445565,38384.68057248877,47742.27356913919,39978.087235509774,38175.03698000956,13.12,"Teacher Education and Professional Development, Specific Levels and Methods."
71,13.13,42869.077590388006,44341.576299312736,42500.86050412936,45652.628224206346,45228.94938548042,41753.53477528227,13.13,"Teacher Education and Professional Development, Specific Subject Areas."
72,13.14,59866.5,48053.98425925925,43066.92905405405,52096.4,49926.15833333333,45784.6047979798,13.14,Teaching English or French as a Second or Foreign Language.
73,13.15,,20384.5,20627.055555555555,32872.0,20152.25,20127.34375,13.15,Teaching Assistants/Aides.
74,13.99,50458.65625,44389.03603603604,45376.18055555556,47265.5,46510.99561403509,48056.71542553192,13.99,"Education, Other."
75,14.01,70304.9880952381,67499.9888888889,69502.79674796747,75489.60416666667,81868.16666666667,69978.13023255813,14.01,"Engineering, General."
76,14.02,66845.17559523809,74981.6875,68074.35561755953,78112.83552227342,81587.0,69800.54834054834,14.02,"Aerospace, Aeronautical and Astronautical Engineering."
77,14.03,57522.35294117647,62227.55555555556,57484.1,64763.65384615384,71290.57142857143,57237.086956521736,14.03,Agricultural Engineering.
78,14.04,66924.0,64671.5,64834.27777777778,75414.42857142857,70768.0,65067.36363636364,14.04,Architectural Engineering.
79,14.05,56995.10042735042,58263.27166666667,56775.97541666667,72685.3502886003,77039.46875,59173.21560846561,14.05,Biomedical/Medical Engineering.
80,14.06,57201.0,62352.0,61613.66666666666,,,56866.66666666666,14.06,Ceramic Sciences and Engineering.
81,14.07,64392.43102725367,67962.32589285714,65486.85734501347,76235.87238562091,79011.05855855855,66646.6678721174,14.07,Chemical Engineering.
82,14.08,62421.76066468254,62593.31791666667,62594.77094472292,67891.92428959132,70103.8759469697,61200.8570127866,14.08,Civil Engineering.
83,14.09,72877.11810606062,82731.14285714286,72513.89075630253,83822.44285714286,99436.5,71812.81589781746,14.09,Computer Engineering.
84,14.10,71596.28831352263,75516.3946969697,72156.49149653313,79544.32188013136,95449.03846153848,71697.30189814814,14.10,"Electrical, Electronics and Communications Engineering."
85,14.11,64025.333333333336,,64398.66666666666,73319.0,,70513.0,14.11,Engineering Mechanics.
86,14.12,52077.4,,53862.77777777778,70079.875,,58331.9,14.12,Engineering Physics.
87,14.13,66016.6,,76473.22222222222,84211.75,74657.0,67872.87878787878,14.13,Engineering Science.
88,14.14,54856.66666666666,59415.34615384616,56546.08611111111,65046.74074074074,62432.0,53219.28676470588,14.14,Environmental/Environmental Health Engineering.
89,14.18,63794.083333333336,69557.8,65354.32183908045,69497.50877192983,80844.0,65011.93103448276,14.18,Materials Engineering
90,14.19,66349.36599727433,68122.6729746444,66895.8144070667,74096.46913652528,78449.51960784313,65923.33823077627,14.19,Mechanical Engineering.
91,14.20,70970.5,,67657.66666666667,76245.5,,66312.66666666667,14.20,Metallurgical Engineering.
92,14.21,70231.4,,69425.66666666667,81178.5,70287.0,71894.125,14.21,Mining and Mineral Engineering.
93,14.22,78648.625,64423.0,78684.875,92565.2,,82470.5,14.22,Naval Architecture and Marine Engineering.
94,14.23,56458.5,,59111.36363636364,72218.88888888889,,64713.375,14.23,Nuclear Engineering.
95,14.24,62636.0,,61754.833333333336,71716.0,,64283.66666666666,14.24,Ocean Engineering.
96,14.25,81335.43452380951,76957.25,81138.40476190476,88438.38095238095,76413.25,75543.47777777778,14.25,Petroleum Engineering.
97,14.27,85882.89215686276,96751.20833333331,85885.89153439153,95395.71153846152,127603.33333333331,88633.80277777778,14.27,Systems Engineering.
98,14.28,49021.0,48205.5,50567.5,56927.0,49901.0,43479.0,14.28,Textile Sciences and Engineering.
99,14.32,62443.5,,61073.5,,,63377.0,14.32,Polymer/Plastics Engineering.
100,14.33,72266.66666666667,,75803.81818181818,80296.0,,72508.14285714286,14.33,Construction Engineering.
101,14.34,50084.0,,50115.0,60035.0,,53608.0,14.34,Forest Engineering.
102,14.35,66867.15349544073,70217.61904761904,68811.04952380952,76445.68275418277,82753.0,69857.7975,14.35,Industrial Engineering.
103,14.36,67091.5,,69995.57777777778,72435.375,,70875.58333333333,14.36,Manufacturing Engineering.
104,14.37,65632.25,62808.0,70237.625,91538.25,97862.0,80899.25,14.37,Operations Research.
105,14.38,61361.0,,60062.0,,,,14.38,Surveying Engineering.
106,14.39,64571.0,59400.0,64855.5,69862.0,57262.0,59494.63888888888,14.39,Geological/Geophysical Engineering.
107,14.40,,,75514.0,,,,14.40,Paper Science and Engineering.
108,14.41,68596.0,,68694.0,74994.0,,67380.0,14.41,Electromechanical Engineering.
109,14.42,69144.1,77556.0,69355.4,,,63004.0,14.42,"Mechatronics, Robotics, and Automation Engineering."
110,14.43,53705.0,48973.0,48106.0,72545.0,72248.0,61806.5,14.43,Biochemical Engineering.
111,14.44,,,,,,,14.44,Engineering Chemistry.
112,14.45,53976.6,54133.0,53766.0,50305.5,58883.0,46447.833333333336,14.45,Biological/Biosystems Engineering.
113,14.99,75820.7,93022.4,75932.11904761905,90708.0,84385.5,75497.47619047618,14.99,"Engineering, Other."
114,15.00,56780.98263888888,48475.0,54838.583333333336,61850.49305555556,58479.0,55085.001333333326,15.00,"Engineering Technology, General."
115,15.01,56913.333333333336,68082.0,51653.5625,62017.2,,49715.4,15.01,Architectural Engineering Technologies/Technicians.
116,15.02,54686.3137254902,62760.0,53881.370370370365,62633.444444444445,,51569.76,15.02,Civil Engineering Technologies/Technicians.
117,15.03,55501.43640350878,84773.0,55155.83958333333,61910.297368421045,42193.0,52620.20354609929,15.03,Electrical Engineering Technologies/Technicians.
118,15.04,55558.65804597701,42478.66666666666,54713.71505376344,63780.74691358025,43534.0,53775.471774193546,15.04,Electromechanical Instrumentation and Maintenance Technologies/Technicians.
119,15.05,53704.28125,91177.0,47102.94736842105,50418.78947368421,45685.0,37566.875,15.05,Environmental Control Technologies/Technicians.
120,15.06,55512.98595238095,45425.9,54598.27583333333,63631.79797979799,32572.5,52530.78333333333,15.06,Industrial Production Technologies/Technicians.
121,15.07,63689.9875,53203.66666666666,64707.24358974359,66523.35416666667,55631.02380952381,61764.25,15.07,Quality Control and Safety Technologies/Technicians.
122,15.08,57311.32342342343,50871.5,56279.46710526316,64637.061904761904,58615.0,56079.68565891473,15.08,Mechanical Engineering Related Technologies/Technicians.
123,15.09,57920.625,,53705.91666666666,55467.2,32403.0,42643.41666666666,15.09,Mining and Petroleum Technologies/Technicians.
124,15.10,62222.47028985508,68283.0,61044.28913043478,72588.48106060606,84230.0,61523.606,15.10,Construction Engineering Technologies.
125,15.11,56602.0,,57339.25,,,54808.125,15.11,Engineering-Related Technologies.
126,15.12,50697.5,,47552.833333333336,51127.38095238096,36336.0,44134.12222222223,15.12,Computer Engineering Technologies/Technicians.
127,15.13,46848.5,48709.5,44141.59615384616,51029.958333333336,26995.0,41202.776436781605,15.13,Drafting/Design Engineering Technologies/Technicians.
128,15.14,87705.0,,84153.0,118196.5,,93794.25,15.14,Nuclear Engineering Technologies/Technicians.
129,15.15,76130.3515625,74766.0,75584.01715686276,83458.56,69627.0625,75889.07166666667,15.15,Engineering-Related Fields.
130,15.16,,,,,,,15.16,Nanotechnology.
131,15.17,,,,,,57746.55,,
132,15.99,61347.73333333333,46294.75,55926.88541666666,62828.82142857143,45155.5,53440.03703703704,15.99,"Engineering Technologies/Technicians, Other."
133,16.01,30350.370000000003,28131.31071428571,27799.739484126985,43521.75,34283.08410138248,30542.933743686863,16.01,"Linguistic, Comparative, and Related Language Studies and Services."
134,16.02,,,,,,,16.02,"African Languages, Literatures, and Linguistics."
135,16.03,26959.0,27732.72222222222,29280.8125,38969.0,29022.5,29940.08695652174,16.03,"East Asian Languages, Literatures, and Linguistics."
136,16.04,44554.0,,36690.0,58977.0,,33743.0,16.04,"Slavic, Baltic and Albanian Languages, Literatures, and Linguistics."
137,16.05,45819.5,20488.0,51320.71428571428,53100.5,,33093.857142857145,16.05,"Germanic Languages, Literatures, and Linguistics."
138,16.06,,,,,,,16.06,Modern Greek Language and Literature.
139,16.07,,,,,,,16.07,"South Asian Languages, Literatures, and Linguistics."
140,16.08,,,,,,,16.08,"Iranian/Persian Languages, Literatures, and Linguistics."
141,16.09,32024.0462962963,31263.36435585691,31561.02490079365,40121.72916666666,39531.36328571429,32071.76259905604,16.09,"Romance Languages, Literatures, and Linguistics."
142,16.10,,,,,,,16.10,"American Indian/Native American Languages, Literatures, and Linguistics."
143,16.11,,,44007.66666666666,31896.0,,40802.083333333336,16.11,"Middle/Near Eastern and Semitic Languages, Literatures, and Linguistics."
144,16.12,,,26386.33333333333,,,29165.35,16.12,"Classics and Classical Languages, Literatures, and Linguistics."
145,16.13,,,,,,,16.13,"Celtic Languages, Literatures, and Linguistics."
146,16.14,,,,,,,16.14,"Southeast Asian and Australasian/Pacific Languages, Literatures, and Linguistics."
147,16.15,,,,,,,16.15,"Turkic, Uralic-Altaic, Caucasian, and Central Asian Languages, Literatures, and Linguistics."
148,16.16,54358.0,31144.70588235294,32093.815789473683,,35698.72222222222,29526.06349206349,16.16,American Sign Language.
149,16.99,,36168.66666666666,35804.375,31877.0,39221.0,32429.666666666668,16.99,"Foreign Languages, Literatures, and Linguistics, Other."
150,19.00,,,,,,,19.00,Work and Family Studies.
151,19.01,37675.33333333333,30716.46888888889,30509.166944444445,42948.90476190476,34757.26728395062,31057.818055555555,19.01,"Family and Consumer Sciences/Human Sciences, General."
152,19.02,40439.5,41506.57142857143,42616.142857142855,57334.0,49771.125,42312.625,19.02,Family and Consumer Sciences/Human Sciences Business Services.
153,19.04,39876.42857142857,34885.319444444445,36187.74444444444,47850.833333333336,39196.35,38994.18333333333,19.04,Family and Consumer Economics and Related Studies.
154,19.05,32664.214285714286,34603.73455598456,35118.25501253133,42958.307692307695,42608.85526315789,35264.93527131783,19.05,"Foods, Nutrition, and Related Services."
155,19.06,49687.5,40903.5,47271.7,73858.0,45345.0,46323.833333333336,19.06,Housing and Human Environments.
156,19.07,35206.65151515152,29556.09126640555,29664.00150828008,39181.708333333336,32387.32189153439,28480.17086482741,19.07,"Human Development, Family Studies, and Related Services."
157,19.09,,35951.755952380954,35581.565126050424,46711.0,42861.21904761904,35337.75427350427,19.09,Apparel and Textiles.
158,19.10,,,,,,,,
159,19.99,,,,,,50563.0,19.99,"Family and Consumer Sciences/Human Sciences, Other."
160,22.00,34908.545454545456,36225.98,36581.41379310345,44871.78571428572,43574.0,37287.7643678161,22.00,Non-Professional General Legal Studies (Undergraduate).
161,22.01,65572.86388423404,66270.20294302472,64971.48570206675,81955.60718188914,78186.67681498828,66423.77564402811,22.01,Law.
162,22.02,77479.26388888889,62532.94791666666,66533.72430555556,83062.83928571429,66842.17045454546,63318.409259259264,22.02,Legal Research and Advanced Professional Studies.
163,22.03,32269.0,33612.50125396825,33592.690571581195,37439.66666666666,35352.24213836478,32078.399047619045,22.03,Legal Support Services.
164,22.99,68801.4375,54391.232142857145,54645.319444444445,79636.0,62270.9,49419.81,22.99,"Legal Professions and Studies, Other."
165,23.01,27661.25443889444,28906.88327063149,29062.488603885344,33283.298478722536,34862.68865198631,29566.101724456283,23.01,"English Language and Literature, General."
166,23.13,35872.475,32369.9155,32274.19034758965,36630.00245098039,37265.13185817806,31632.286440638632,23.13,Rhetoric and Composition/Writing Studies.
167,23.14,,25239.4,26474.416666666668,,35120.625,27166.85714285714,23.14,Literature.
168,23.99,25622.33333333333,28919.85714285714,28407.375,,39083.16666666666,31963.833333333336,23.99,"English Language and Literature/Letters, Other."
169,24.01,31344.676054774194,27355.100740136582,28433.85015160752,35130.899984288946,31437.68519045109,28242.968598889856,24.01,"Liberal Arts and Sciences, General Studies and Humanities."
170,25.01,43878.5,44063.83095238095,44054.49285714285,46892.35294117647,47273.96717171717,43941.33095238095,25.01,Library Science and Administration.
171,25.03,,,,,,,25.03,Library and Archives Assisting.
172,25.99,,47654.5,52588.66666666666,,51339.0,49084.0,25.99,"Library Science, Other."
173,26.01,28245.646349304818,27595.510173656,27809.57976630765,39508.65877421221,37262.14692452028,28894.86019013841,26.01,"Biology, General."
174,26.02,31947.383928571428,32406.604761904764,31763.166209470804,43494.5183982684,41702.52549019608,32359.18030952381,26.02,"Biochemistry, Biophysics and Molecular Biology."
175,26.03,,31657.0,27599.2,,,24895.0,26.03,Botany/Plant Biology.
176,26.04,31101.964285714286,29673.32,32171.43923611111,38684.42424242425,40510.857142857145,35528.96141975309,26.04,Cell/Cellular Biology and Anatomical Sciences.
177,26.05,32133.366666666665,34265.032608695656,32806.26960784314,45504.5,41205.794117647056,36318.74071428572,26.05,Microbiological Sciences and Immunology.
178,26.07,24710.14583333333,23887.27361111111,25010.48148148148,35649.40909090909,30029.1125,27124.18279569892,26.07,Zoology/Animal Biology.
179,26.08,32233.0,42244.2,34226.444444444445,42952.0,52863.4,44440.0,26.08,Genetics.
180,26.09,27046.825,30467.24305555556,29882.43764367816,37877.7037037037,44292.92156862745,32455.662222222225,26.09,"Physiology, Pathology and Related Sciences."
181,26.10,34358.0,72109.0,50624.41666666666,,,45030.4,26.10,Pharmacology and Toxicology.
182,26.11,69570.0,79400.75,65340.333333333336,83994.0,75263.0,67499.59615384616,26.11,"Biomathematics, Bioinformatics, and Computational Biology."
183,26.12,52464.857142857145,45974.42857142857,54357.0873015873,59641.66666666666,54305.875,52699.77272727273,26.12,Biotechnology.
184,26.13,33192.65476190476,36103.31904761904,36320.63853398853,43622.03125,45058.69791666666,35708.11151866151,26.13,"Ecology, Evolution, Systematics, and Population Biology."
185,26.14,,,,,,,26.14,Molecular Medicine.
186,26.15,26852.384722222225,27004.77857142857,28021.58041666667,37213.33,39040.005,29010.00245098039,26.15,Neurobiology and Neurosciences.
187,26.99,28697.11111111111,37317.769230769234,36410.39473684211,41388.28571428572,36883.29166666666,43300.25,26.99,"Biological and Biomedical Sciences, Other."
188,27.01,47673.739583333336,43097.75414965986,44541.726712677126,60094.31640316206,50586.98292517007,44948.89123876611,27.01,Mathematics.
189,27.03,60441.85666666667,57650.49583333333,61828.62643678161,76260.19333333333,64587.625,57578.38988095238,27.03,Applied Mathematics.
190,27.05,66336.86111111111,59154.25,61427.35483870968,83325.53846153847,65246.62962962963,67208.68308702791,27.05,Statistics.
191,27.06,,,,,,,,
192,27.99,56269.333333333336,64620.0,60231.857142857145,79272.0,90925.0,63763.57142857143,27.99,"Mathematics and Statistics, Other."
193,28.01,,,,,,,28.01,"Air Force ROTC, Air Science and Operations."
194,28.03,,,,,,,28.03,"Army ROTC, Military Science and Operations."
195,28.05,,,69340.0,,,58673.0,28.05,Military Science and Operational Studies.
196,28.06,,,71484.0,,,57798.0,28.06,Security Policy and Strategy.
197,29.02,58580.0,42665.0,56823.57142857143,57600.25,42416.0,48927.71428571428,29.02,"Intelligence, Command Control and Information Operations."
198,29.03,,,88876.0,61042.0,,56415.0,29.03,Military Applied Sciences.
199,29.04,37309.0,,37861.0,,,,29.04,Military Systems and Maintenance Technology.
200,29.99,,,,61556.0,,54869.0,29.99,"Military Technologies and Applied Sciences, Other."
201,30.00,33153.93157894737,32503.64642857143,31743.92105263158,38425.43452380953,38959.30158730159,33155.52546296296,30.00,"Multi-/Interdisciplinary Studies, General."
202,30.01,37428.79761904762,30351.07391304348,31568.25070028011,46077.708333333336,39328.04090909091,31020.93383838384,30.01,Biological and Physical Sciences.
203,30.05,38032.333333333336,43843.357142857145,41627.25,57029.66666666666,51546.357142857145,42528.37962962964,30.05,Peace Studies and Conflict Resolution.
204,30.06,63982.333333333336,58547.25,55281.857142857145,72252.25,70358.33333333333,56269.5625,30.06,Systems Science and Theory.
205,30.08,75708.33333333333,54775.0,80867.0,69580.0,,84400.5,30.08,Mathematics and Computer Science.
206,30.10,,,36067.0,,36972.0,35330.0,30.10,Biopsychology.
207,30.11,,39078.0,36771.0,,39369.444444444445,37699.392857142855,30.11,Gerontology.
208,30.12,,35649.666666666664,37936.2,,38728.875,36122.125,30.12,Historic Preservation and Conservation.
209,30.13,,,,,,,30.13,Medieval and Renaissance Studies.
210,30.14,,36653.0,36074.9,,41922.5,36044.75,30.14,Museology/Museum Studies.
211,30.15,50552.5,36542.8,41508.66666666666,67763.33333333333,59972.6,52473.0,30.15,"Science, Technology and Society."
212,30.16,,,,,,35060.0,30.16,Accounting and Computer Science.
213,30.17,39048.90740740741,33213.990740740745,32016.208333333336,38631.98611111111,31143.679487179485,32279.220833333333,30.17,Behavioral Sciences.
214,30.18,5559.0,19265.5,25508.875,,35504.0,29148.444444444445,30.18,Natural Sciences.
215,30.19,29865.0,33289.74523809524,33852.57638888889,40554.0,45251.271604938265,35730.4765625,30.19,Nutrition Sciences.
216,30.20,37217.21111111111,31177.45196078432,35316.3097943723,55063.22807017544,41622.20777777778,35812.13134057971,30.20,International/Global Studies.
217,30.21,,,,,,25194.0,30.21,Holocaust and Related Studies.
218,30.22,,,,,,23817.5,30.22,Classical and Ancient Studies.
219,30.23,,33968.0,33974.0,,30214.0,35540.38888888889,30.23,Intercultural/Multicultural and Diversity Studies.
220,30.25,37595.8,35907.76666666667,38043.01538461538,49635.16666666667,47663.88888888888,39251.75,30.25,Cognitive Science.
221,30.26,,,29036.33333333333,,,30889.0,30.26,Cultural Studies/Critical Theory and Analysis.
222,30.27,32881.333333333336,31364.33333333333,30081.166666666668,44597.5,39855.8,30664.14285714286,30.27,Human Biology.
223,30.28,,43775.0,50877.77777777778,62297.0,64344.0,59376.5,30.28,Dispute Resolution.
224,30.29,,,,,,,30.29,Maritime Studies.
225,30.30,77309.0,,69023.5,,,67660.0,30.30,Computational Science.
226,30.31,52379.066666666666,72589.0,66905.20833333333,53218.0,111492.5,64832.55555555556,30.31,Human Computer Interaction.
227,30.32,36714.0,23721.5,26265.5,,34358.0,29568.0,30.32,Marine Sciences.
228,30.33,59326.0,40509.5,41561.80882352941,78070.0,54003.66666666666,41288.617647058825,30.33,Sustainability Studies.
229,30.45,,,,,,,,
230,30.99,41337.067865769495,35791.16955492424,38113.95371155337,50092.78092469546,40635.41766130695,37334.10708715375,30.99,"Multi/Interdisciplinary Studies, Other."
231,31.01,30946.7,32364.380303030302,31350.63425925925,39433.88596491228,39540.9,30344.663513513515,31.01,"Parks, Recreation and Leisure Studies."
232,31.03,31514.35,31616.651785714286,31568.80662393162,38821.836956521736,38579.744047619046,31761.3141025641,31.03,"Parks, Recreation and Leisure Facilities Management."
233,31.05,31994.60213554964,30072.09315818281,30590.44980200962,40916.10493080993,38712.39277116402,31505.90067267194,31.05,Health and Physical Education/Fitness.
234,31.06,,,27786.0,,,28500.666666666668,31.06,Outdoor Education.
235,31.99,28800.4,21012.0,27064.8,37850.333333333336,,29665.0,31.99,"Parks, Recreation, Leisure, and Fitness Studies, Other."
236,32.01,47382.333333333336,18567.0,41381.0,48950.0,18402.0,35770.22222222222,32.01,Basic Skills and Developmental/Remedial Education.
237,33.01,,,,,,,33.01,Citizenship Activities.
238,34.01,31455.0,31523.0,31965.0,44434.0,38968.0,28888.0,34.01,Health-Related Knowledge and Skills.
239,35.01,,,,,,,35.01,Interpersonal and Social Skills.
240,36.01,33485.0,17136.0,24881.0,36317.0,33245.5,25300.5,36.01,Leisure and Recreational Activities.
241,36.02,,,,,,,,
242,37.01,,,,,,,37.01,Personal Awareness and Self-Improvement.
243,38.00,,,,,,,38.00,"Philosophy and Religious Studies, General."
244,38.01,34364.81862745098,35002.67857142857,31121.608974358973,38105.1743697479,43252.8,30103.35060790273,38.01,Philosophy.
245,38.02,42958.333333333336,30504.625,33592.51587301587,48713.5625,26460.5,32430.171875,38.02,Religion/Religious Studies.
246,38.99,23776.0,,42894.5,50230.0,,36307.5,38.99,"Philosophy and Religious Studies, Other."
247,39.02,31073.92708333333,24796.071428571428,28009.68154761905,35030.90476190476,21549.91176470588,28678.65909090909,39.02,Bible/Biblical Studies.
248,39.03,31922.0,25795.75,26713.5,,,29979.25,39.03,Missions/Missionary Studies and Missiology.
249,39.04,39100.6,26900.0625,29249.022727272728,39559.4,29682.7,30761.375,39.04,Religious Education.
250,39.05,38514.0,30079.0,30408.375,48787.25,29347.5,33032.2,39.05,Religious/Sacred Music.
251,39.06,41926.50666666667,40778.45277777778,40354.23363095238,47069.04666666667,43338.161458333336,43781.67002164502,39.06,Theological and Ministerial Studies.
252,39.07,31988.071428571428,32634.166666666668,30833.58,37710.181818181816,30863.35714285714,29701.127604166668,39.07,Pastoral Counseling and Specialized Ministries.
253,39.99,45826.875,32858.0,39808.92307692308,45723.833333333336,31212.166666666668,42186.57142857143,39.99,"Theology and Religious Vocations, Other."
254,40.01,33215.375,25042.0,31821.458333333336,32926.75,31610.166666666668,30458.590909090908,40.01,Physical Sciences.
255,40.02,44255.5,,35404.75,42356.0,,35354.4,40.02,Astronomy and Astrophysics.
256,40.04,34473.75,,36088.90909090909,44709.0,,34406.049019607846,40.04,Atmospheric Sciences and Meteorology.
257,40.05,39297.38703651421,36440.43813131313,38534.01947403231,50670.19797979798,41910.66944444445,39673.81766149963,40.05,Chemistry.
258,40.06,39901.128787878784,34727.66470588236,37758.68246090644,45881.1217948718,48054.19047619047,36923.620754716976,40.06,Geological and Earth Sciences/Geosciences.
259,40.08,43978.881834215164,,41634.59904761905,58584.8875,20527.0,45944.52260981912,40.08,Physics.
260,40.10,,,,,,57180.5,40.10,Materials Sciences.
261,40.11,,,,,,,,
262,40.99,51850.0,52312.0,38982.0,,25503.0,38170.0,40.99,"Physical Sciences, Other."
263,41.00,60156.0,,60154.0,,,,41.00,"Science Technologies/Technicians, General."
264,41.01,,,43580.0,,,42086.333333333336,41.01,Biology Technician/Biotechnology Laboratory Technician.
265,41.02,51476.0,,55523.66666666666,74760.0,,55885.0,41.02,Nuclear and Industrial Radiologic Technologies/Technicians.
266,41.03,56728.07142857143,33921.5,53584.25,84694.16666666667,44004.25,57722.7,41.03,Physical Science Technologies/Technicians.
267,41.99,48524.42857142857,41464.083333333336,45142.45,58558.28571428572,55694.16666666666,52148.0925925926,41.99,"Science Technologies/Technicians, Other."
268,42.01,31277.335785821502,29532.289748721632,29597.182980922506,37529.82144180606,36011.063145905755,30868.735378593123,42.01,"Psychology, General."
269,42.02,,,,,,,,
270,42.04,,,,,,,,
271,42.27,30211.333333333336,32043.05510752688,33564.18524774775,42984.02777777778,41480.632666666665,33362.83774509804,42.27,Research and Experimental Psychology.
272,42.28,50863.39342105263,45690.5997709611,46848.15190751308,52768.988505747126,49661.26529210759,47363.27770878694,42.28,"Clinical, Counseling and Applied Psychology."
273,42.99,44335.583333333336,44532.67647058824,43268.74206349206,42619.375,50121.32142857143,45548.59920634921,42.99,"Psychology, Other."
274,43.01,40411.250798717694,32502.94192337893,35624.89753128685,45415.83817808428,35337.82421871749,34624.17649684714,43.01,Criminal Justice and Corrections.
275,43.02,51877.80303030303,37354.25,48931.03846153846,61817.78333333334,35161.5,50549.49950980392,43.02,Fire Protection.
276,43.03,62932.07539682539,49416.625,53208.931547619046,59819.26984126984,44387.9375,51781.91132478633,43.03,Homeland Security.
277,43.04,,,,,,42467.236519607846,,
278,43.99,56029.91666666666,43511.1875,56247.1875,64748.92307692308,46548.66666666666,54088.27450980392,43.99,"Homeland Security, Law Enforcement, Firefighting and Related Protective Services, Other."
279,44.00,36939.05555555556,31467.237624007936,31920.95166511049,43148.6130952381,32711.13651094276,30625.331776556777,44.00,"Human Services, General."
280,44.02,41220.88888888889,37184.5625,36775.333333333336,52175.0,38605.24444444445,36882.54166666666,44.02,Community Organization and Advocacy.
281,44.04,58453.38779761905,51398.29555735931,52043.74918831169,64818.30436507936,55241.49257662836,51030.70847960633,44.04,Public Administration.
282,44.05,53953.21666666666,49885.80448717949,47492.2359375,73129.11403508772,63944.33974358974,49178.84978070176,44.05,Public Policy Analysis.
283,44.07,46738.49766666666,38472.0278386076,38223.77875960926,50007.970588235294,43034.3241889245,36871.73499534882,44.07,Social Work.
284,44.99,45013.5,45793.66666666666,49516.07692307692,66884.42857142857,39831.8,48564.140625,44.99,"Public Administration and Social Service Professions, Other."
285,45.01,37118.31111111111,31630.227642276423,33126.230158730155,43308.82738095238,36190.67583333333,33032.58670229997,45.01,"Social Sciences, General."
286,45.02,26625.397727272728,25413.18859792689,26082.66341944185,34039.670940170945,32300.47462121212,26720.66613648775,45.02,Anthropology.
287,45.03,,,27671.0,,30852.0,24201.0,45.03,Archeology.
288,45.04,35866.278787878786,32213.07629629629,33419.9231292517,44189.23375,38386.76666666667,34685.44074074074,45.04,Criminology.
289,45.05,,,,,,,45.05,Demography and Population Studies.
290,45.06,48462.78296677428,51874.37431162941,47831.78076912331,60751.4472558515,60175.8551497114,49340.63731088765,45.06,Economics.
291,45.07,40626.82333333333,36809.78947368421,37118.58018518519,45850.11428571429,40782.84375,36823.08166208791,45.07,Geography and Cartography.
292,45.09,46727.26298701299,40514.436046511626,40278.55853548967,58337.666031746034,48963.296747967484,40251.88235624439,45.09,International Relations and National Security Studies.
293,45.10,35846.30186457061,35060.44486952862,34154.3742421169,45981.42784352744,43730.67003326051,34995.05479811164,45.10,Political Science and Government.
294,45.11,33777.154222821206,30730.46713133641,31390.978149496008,42496.87072829132,36872.51569180898,32141.769892703524,45.11,Sociology.
295,45.12,39099.66666666666,35345.681818181816,39075.56818181818,51804.5,48812.583333333336,38184.371527777774,45.12,Urban Studies/Affairs.
296,45.13,42554.0,25064.6,25272.0,,34584.4,29054.5,45.13,Sociology and Anthropology.
297,45.14,,,26905.0,,52988.0,,45.14,Rural Sociology.
298,45.99,42729.181818181816,34506.618627450975,35748.78968253968,46576.77777777778,42153.8717948718,37180.5752688172,45.99,"Social Sciences, Other."
299,46.00,75230.0,64318.0,74208.0,85848.0,,74747.0,46.00,"Construction Trades, General."
300,46.01,,,12942.0,,,26860.0,46.01,Mason/Masonry.
301,46.02,26518.83333333333,,30110.94444444445,34010.0,,32111.541666666664,46.02,Carpenters.
302,46.03,51263.02261904762,,51072.0853968254,51455.18,,43802.16904761905,46.03,Electrical and Power Transmission Installers.
303,46.04,47030.45,66391.0,48270.92424242424,52301.33333333333,,43445.30303030303,46.04,"Building/Construction Finishing, Management, and Inspection."
304,46.05,39464.0,,39366.0,42198.5,,37745.16666666666,46.05,Plumbing and Related Water Supply Services.
305,46.99,47814.0,,48421.5,36212.0,,28960.0,46.99,"Construction Trades, Other."
306,47.00,,,,,,22989.0,47.00,"Mechanics and Repairers, General."
307,47.01,47663.083333333336,,46491.15384615384,44570.66666666666,,39637.31578947369,47.01,Electrical/Electronics Maintenance and Repair Technology.
308,47.02,36927.45222222222,,36992.14791666667,39757.05595238095,,35582.295959595955,47.02,"Heating, Air Conditioning, Ventilation and Refrigeration Maintenance Technology/Technician (HAC, HACR, HVAC, HVACR)."
309,47.03,45970.125,,44612.23684210526,49465.892857142855,24733.0,43720.41203703704,47.03,Heavy/Industrial Equipment Maintenance Technologies.
310,47.04,39843.0,71145.5,40651.16666666666,36205.66666666666,,37970.5,47.04,Precision Systems Maintenance and Repair Technologies.
311,47.06,38557.76090909091,29717.0,37753.69149029983,43216.36910273368,35268.791666666664,36707.6086763519,47.06,Vehicle Maintenance and Repair Technologies.
312,47.99,43312.0,,43283.0,55960.0,,55777.0,47.99,"Mechanic and Repair Technologies/Technicians, Other."
313,48.00,,,,,,,48.00,"Precision Production Trades, General."
314,48.03,,,,,,,48.03,Leatherworking and Upholstery.
315,48.05,37512.57171201814,,36832.85954270597,41346.16117424242,24265.0,35754.77145006354,48.05,Precision Metal Working.
316,48.07,38387.0,,30324.0,45229.0,,33270.0,48.07,Woodworking.
317,48.08,,,,,,,48.08,Boilermaking/Boilermaker.
318,48.99,,,26457.0,,,32569.0,48.99,"Precision Production, Other."
319,49.01,45828.4612244898,50212.142857142855,45514.98908730158,59743.16256157636,59653.0625,44143.36788617886,49.01,Air Transportation.
320,49.02,44900.066666666666,30345.0,43827.45555555556,43409.607142857145,,37148.99166666667,49.02,Ground Transportation.
321,49.03,76248.5,,74552.91666666667,96512.5,,87269.16666666667,49.03,Marine Transportation.
322,49.99,55146.0,,53678.0,,,63005.0,49.99,"Transportation and Materials Moving, Other."
323,50.01,24472.546296296296,24220.90064102564,25371.409523809525,32363.772727272728,29344.34523809524,27055.2731884058,50.01,"Visual and Performing Arts, General."
324,50.02,,25975.0,27664.33333333333,,27195.0,21803.625,50.02,"Crafts/Craft Design, Folk Art and Artisanry."
325,50.03,,21771.17777777778,22119.77388888889,,30124.795454545456,23083.43282828283,50.03,Dance.
326,50.04,31542.31409090909,32890.08864052614,31556.952495512345,39384.53247126437,38320.28239707341,32543.09676694513,50.04,Design and Applied Arts.
327,50.05,24539.92976190476,22620.20477327684,23183.218364724944,30797.66377091377,28942.633166666663,23131.915168586675,50.05,Drama/Theatre Arts and Stagecraft.
328,50.06,23610.92983333333,24766.75890613452,24093.411174242425,30749.22453703704,30776.65,25392.289716748768,50.06,Film/Video and Photographic Arts.
329,50.07,25297.23006535948,25206.34407281431,24880.42059253303,32483.35108633505,30505.27006974507,25829.76482988841,50.07,Fine and Studio Arts.
330,50.09,26578.84028182702,27239.384552845528,26487.706814574314,30728.661373015875,31979.584620596204,29057.921471949103,50.09,Music.
331,50.10,24807.245098039217,33139.805555555555,33017.9447368421,36184.944444444445,43401.37698412698,30985.681944444445,50.10,"Arts, Entertainment,and Media Management."
332,50.99,30778.0,39460.625,28007.571428571428,38304.9,36772.125,26595.097222222223,50.99,"Visual and Performing Arts, Other."
333,51.00,43216.79635416667,37679.52276785715,37185.79327566964,47357.92,41656.080128205125,36310.33309397833,51.00,"Health Services/Allied Health/Health Sciences, General."
334,51.01,43793.31818181818,38467.40909090909,40916.6875,49358.25,36387.0,40925.66666666666,51.01,Chiropractic.
335,51.02,43222.0,49309.39819950921,49104.890069745066,55440.0,55755.951785714286,49404.10348377256,51.02,Communication Disorders Sciences and Services.
336,51.04,106007.98188405798,100294.05319148937,102089.81914893616,135791.38518518518,124690.07608695651,108639.54891304349,51.04,Dentistry.
337,51.05,209328.9,160834.375,181610.57894736843,206588.16666666663,170236.88888888888,187058.1481481481,51.05,Advanced/Graduate Dentistry and Oral Sciences.
338,51.06,45327.583333333336,46805.08442150298,46986.80443638393,32246.2,49529.955965181776,45576.51602492559,51.06,Dental Support Services and Allied Professions.
339,51.07,56388.00246244331,40934.5078827836,42888.81644165809,64371.6794148477,43650.74521064204,42860.24268143764,51.07,Health and Medical Administrative Services.
340,51.08,43054.89296066253,34056.92370395127,35700.67394472358,44026.86927083333,35135.663964752566,37425.31783143204,51.08,Allied Health and Medical Assisting Services.
341,51.09,77031.18000287472,60001.5979725742,58586.22998024591,78642.47276800261,61150.01173807536,55238.38847359856,51.09,"Allied Health Diagnostic, Intervention, and Treatment Professions."
342,51.10,52006.71875,49446.03647798741,49398.901436781605,54625.73333333333,50520.661458333336,49826.29045755171,51.10,Clinical/Medical Laboratory Science/Research and Allied Professions.
343,51.11,33388.46428571428,29430.384444444444,27867.333783783783,49164.625,43331.85555555556,31026.732456140347,51.11,Health/Medical Preparatory Programs.
344,51.12,57331.90862573099,57549.942251462,57450.241228070176,68166.49484848486,66344.09035087719,57551.82007936508,51.12,Medicine.
345,51.14,,147112.0,112308.83333333331,105435.33333333331,128415.0,131486.66666666666,51.14,Medical Clinical Sciences/Graduate Medical Studies.
346,51.15,42433.89333333333,39326.213443223445,39720.844333213085,46254.59821428572,40427.23805143269,38421.99867660117,51.15,Mental and Social Health Services and Allied Professions.
347,51.16,,,,63811.0,56337.0,59272.5,,
348,51.17,97077.88888888888,83245.76315789473,88463.0,116049.58333333331,104006.86111111112,95453.13157894736,51.17,Optometry.
349,51.18,53076.0,38394.71428571428,39114.6,,38987.0,37712.81818181818,51.18,Ophthalmic and Optometric Support Services and Allied Professions.
350,51.19,54835.12666666667,55172.31333333333,54989.68,77411.55303030304,72295.81818181818,,51.19,Osteopathic Medicine/Osteopathy.
351,51.20,107588.5731818182,94289.5615497076,98146.91710526316,125161.9238095238,119213.76125730996,107788.60014124292,51.20,"Pharmacy, Pharmaceutical Sciences, and Administration."
352,51.21,53641.0,55525.375,54453.375,67464.3125,65578.57142857143,,51.21,Podiatric Medicine/Podiatry.
353,51.22,51987.06717687075,41029.98655372405,42962.61206067712,60356.31458333334,48586.88155092592,44582.59285849422,51.22,Public Health.
354,51.23,71025.31785052911,61614.13156001984,60785.23689029431,75486.27901785714,65447.29111552028,60873.977276162994,51.23,Rehabilitation and Therapeutic Professions.
355,51.24,81065.23913043478,79517.625,80143.46428571429,98746.54347826086,87997.68518518518,,51.24,Veterinary Medicine.
356,51.25,51890.0,50436.1,52160.91666666666,117534.0,66955.0,,51.25,Veterinary Biomedical and Clinical Sciences.
357,51.26,,,27488.0,,,,51.26,Health Aides/Attendants/Orderlies.
358,51.27,74875.0,72704.78125,70428.45833333333,78478.0,77760.71428571429,70534.07894736843,51.27,Medical Illustration and Informatics.
359,51.31,33159.0,38760.046747967484,38003.083333333336,50865.8,43707.995039682544,38607.48138297872,51.31,Dietetics and Clinical Nutrition Services.
360,51.32,,,27334.0,,,77576.61011904762,51.32,Bioethics/Medical Ethics.
361,51.33,36998.5,28180.61111111112,32339.283333333333,40182.55555555556,24303.61111111111,26007.338888888888,51.33,Alternative and Complementary Medicine and Medical Systems.
362,51.34,,40194.0,40302.0,,,,51.34,Alternative and Complementary Medical Support Services.
363,51.35,20889.0,21887.125,21194.666666666668,25223.0,19267.394736842107,20946.37037037037,51.35,Somatic Bodywork and Related Therapeutic Services.
364,51.36,,41082.0,36496.5,,41315.0,34078.666666666664,51.36,Movement and Mind-Body Therapies and Education.
365,51.37,,,,,,29685.0,51.37,Energy and Biologically Based Therapies.
366,51.38,77806.16268381332,67921.84492933442,69168.97314217151,80973.11070738273,69873.26123286359,68497.09033361114,51.38,"Registered Nursing, Nursing Administration, Nursing Research and Clinical Nursing."
367,51.39,42149.07142857143,36442.95185786436,36481.08285502812,39099.549019607846,38284.37857142858,36252.151400162336,51.39,"Practical Nursing, Vocational Nursing and Nursing Assistants."
368,51.99,45756.5,39718.30952380952,41676.11837606838,46301.8125,45734.50714285715,44435.839375,51.99,"Health Professions and Related Clinical Sciences, Other."
369,52.01,51746.20579117064,44635.73031684028,45260.27756604506,58355.69918464782,49516.13260422304,44315.11710984922,52.01,"Business/Commerce, General."
370,52.02,54576.399536833575,47828.5009464515,48290.86935128432,60393.64068770009,51189.14379874421,48110.942130208,52.02,"Business Administration, Management and Operations."
371,52.03,51454.96733349297,48625.80084134454,48363.03958582375,59561.65855502031,53588.0439461042,47450.491882370494,52.03,Accounting and Related Services.
372,52.04,40235.5,25094.759615384617,25947.323717948715,26321.0,26062.3625,25759.09702380952,52.04,Business Operations Support and Assistant Services.
373,52.05,42349.2,40997.3,43862.92307692308,45914.2,51275.0625,42119.26470588235,52.05,Business/Corporate Communications.
374,52.06,47178.18939393939,47156.30625,49734.72425474255,59410.06221198157,59415.3,51823.917830086575,52.06,Business/Managerial Economics.
375,52.07,47402.40625,47095.17647058824,43659.00625,57554.08024691358,58790.4,44028.53,52.07,Entrepreneurial and Small Business Operations.
376,52.08,53149.36880465991,51608.43576531975,52369.43620518371,64735.45634920635,61695.63244047619,53561.789004329,52.08,Finance and Financial Management Services.
377,52.09,39382.07642276423,35191.775862068964,35698.239769975786,45877.65,39481.682780612246,34294.31131928181,52.09,Hospitality Administration/Management.
378,52.10,56732.14551820728,49609.907340185615,50733.63884253904,60909.69915041488,53723.50811072821,50361.90760391389,52.10,Human Resources Management and Services.
379,52.11,52194.191287878784,46536.856770833336,48956.13384353741,62719.59375,56285.06696428572,49975.61014109347,52.11,International Business.
380,52.12,57874.57528543581,55171.304138322,56097.79546296296,66966.66543367346,59664.26749226006,57364.61109942936,52.12,Management Information Systems and Services.
381,52.13,68980.35578231292,60097.21511627907,64422.1153508772,75562.95291666666,66105.26904761905,61924.96935626102,52.13,Management Sciences and Quantitative Methods.
382,52.14,43425.92503893813,42402.7205980131,42535.93047332653,52401.57378472222,49565.349526729886,42444.23375628645,52.14,Marketing.
383,52.15,67664.05416666667,70175.5,63657.4,75316.31944444445,55320.0,66557.23106060606,52.15,Real Estate.
384,52.16,80832.0,77577.375,77199.72916666667,96269.36363636365,87148.05555555556,75031.99275362318,52.16,Taxation.
385,52.17,54314.16666666666,55827.9375,57485.882352941175,63451.36363636364,66299.33333333333,57624.970588235294,52.17,Insurance.
386,52.18,54492.94117647059,48233.88461538462,47775.52083333333,61855.57142857143,47445.208333333336,43002.23774509804,52.18,"General Sales, Merchandising and Related Marketing Operations."
387,52.19,44354.0,35433.53333333333,35086.198198198195,50033.0,39792.384259259255,35326.83645833333,52.19,"Specialized Sales, Merchandising and  Marketing Operations."
388,52.20,66328.5380952381,,65930.02380952382,74789.20707070708,,65833.76126126126,52.20,Construction Management.
389,52.21,,,,,,,52.21,Telecommunications Management.
390,52.99,56591.48181818182,46988.18421052631,51599.97285714286,59543.11111111111,51958.659420289856,50789.83817829457,52.99,"Business, Management, Marketing, and Related Support Services, Other."
391,53.01,49366.0,39490.0,41979.0,70468.0,53913.0,41565.0,53.01,High School/Secondary Diploma Programs.
392,53.02,,,,,,,53.02,High School/Secondary Certificate Programs.
393,54.01,32304.89615281141,29057.191554357592,30461.56551402845,39595.9432834407,36293.63876869658,30286.12462378647,54.01,History.
394,60.01,158924.0,,190365.5,184245.0,,182336.3333333333,60.01,Dental Residency Programs.
395,60.03,,,,,,,60.03,Veterinary Residency Programs.
396,60.04,,,,,,,60.04,Medical Residency Programs - General Certificates.
397,60.05,,,,,,,60.05,Medical Residency Programs - Subspecialty Certificates.
398,61.26,,,,,,,,
